Iter,LR,Original_Steps,Train_Acc,Train_Loss,Val_Acc,Val_F1,Val_Precision,Val_Recall,time_comm_per_iter,time_comp_per_iter,time_per_iter
1,0.001,1,8.203125,2.305220603942871,,,,,3.8170371055603027,0.17341303825378418,3.990450143814087
1,,1,,,14.56,5.83836895228713,4.024020689378627,14.56,,,
2,0.001,2,11.1083984375,2.324931502342224,,,,,1.118562936782837,0.08975601196289062,1.2083189487457275
3,0.001,3,13.655598958333334,2.304945945739746,,,,,0.06536626815795898,0.0992274284362793,0.16459369659423828
4,0.001,4,12.78076171875,2.3078731298446655,,,,,0.05610036849975586,0.01924729347229004,0.0753476619720459
5,0.001,6,13.468424479166666,2.3014917771021524,,,,,0.0774374008178711,0.020958900451660156,0.09839630126953125
6,0.001,8,14.7705078125,2.2870453894138336,,,,,0.12647390365600586,0.017595767974853516,0.14406967163085938
7,0.001,9,15.21267361111111,2.2772322495778403,,,,,0.05617499351501465,0.02817511558532715,0.0843501091003418
8,0.001,11,16.521661931818183,2.26136513189836,,,,,0.05732011795043945,0.03536581993103027,0.09268593788146973
9,0.001,13,16.834435096153847,2.2492302564474254,,,,,0.10585165023803711,0.03855109214782715,0.14440274238586426
10,0.001,15,17.54742547425474,2.2341420809427897,,,,,0.9221432209014893,0.027635574340820312,0.9497787952423096
11,0.001,16,17.51773948302078,2.2318054288625717,,,,,0.06843733787536621,0.01936507225036621,0.08780241012573242
12,0.001,17,17.81592099000476,2.226963351754581,,,,,0.06844544410705566,0.017816543579101562,0.08626198768615723
13,0.001,19,18.54582095884599,2.218189917112652,,,,,0.06112217903137207,0.017378568649291992,0.07850074768066406
14,0.001,22,19.541225829989056,2.2100503769787876,,,,,0.7869515419006348,0.1469573974609375,0.9339089393615723
15,0.001,25,20.594,2.194717607498169,,,,,0.8360607624053955,0.03013014793395996,0.8661909103393555
16,0.001,27,21.10876959479444,2.18101727520978,,,,,1.5706777572631836,0.03380417823791504,1.6044819355010986
17,0.001,28,21.421701339412937,2.1734499973910197,,,,,0.04958319664001465,0.12092852592468262,0.17051172256469727
18,0.001,29,21.664489964256255,2.166834670921852,,,,,0.060152530670166016,0.04796099662780762,0.10811352729797363
19,0.001,30,21.93559096945551,2.159822042783101,,,,,0.0538172721862793,0.07098197937011719,0.12479925155639648
20,0.001,31,22.172810172103777,2.154543726674972,,,,,0.08507204055786133,0.03347277641296387,0.1185448169708252
21,0.001,33,22.329175704989154,2.149368217497161,,,,,0.0697026252746582,0.013730049133300781,0.08343267440795898
22,0.001,37,22.86526496459987,2.1418211814519523,,,,,0.06779646873474121,0.019820690155029297,0.08761715888977051
23,0.001,42,23.309281267685343,2.1321160140491666,,,,,0.8893723487854004,0.09317946434020996,0.9825518131256104
24,0.001,46,23.806204252352735,2.1162515749102053,,,,,0.8372108936309814,0.017884254455566406,0.8550951480865479
25,0.001,50,24.288,2.103704035282135,,,,,0.06304645538330078,0.019089937210083008,0.08213639259338379
26,0.001,53,24.630690382876093,2.0965056531834154,,,,,0.057034969329833984,0.021917104721069336,0.07895207405090332
27,0.001,55,24.736937590711175,2.091690865429965,,,,,0.06841063499450684,0.036623239517211914,0.10503387451171875
28,0.001,57,24.800587741393787,2.089652186945865,,,,,0.03986835479736328,0.02048039436340332,0.0603487491607666
29,0.001,59,24.867434477168334,2.0873144319501975,,,,,0.06504559516906738,0.021843433380126953,0.08688902854919434
30,0.001,62,25.148503724633958,2.083745108496758,,,,,1.3562841415405273,0.029694080352783203,1.3859782218933105
31,0.001,65,25.334302325581394,2.079591906987704,,,,,0.06278514862060547,0.024115800857543945,0.08690094947814941
32,0.001,68,25.63639817629179,2.072215618456111,,,,,0.058080196380615234,0.08163332939147949,0.13971352577209473
33,0.001,70,25.74489216799092,2.068616739341191,,,,,0.06741094589233398,0.09815669059753418,0.16556763648986816
34,0.001,71,25.8691821436563,2.065741550754493,,,,,0.061704397201538086,0.11567401885986328,0.17737841606140137
35,0.001,73,26.055035892973677,2.0609097448113847,,,,,0.2665739059448242,0.012897014617919922,0.27947092056274414
36,0.001,75,26.20899470899471,2.0556468327840167,,,,,0.06279730796813965,0.01613163948059082,0.07892894744873047
37,0.001,77,26.237636513496806,2.0532629706642846,,,,,1.5242247581481934,0.0188748836517334,1.5430996417999268
38,0.001,80,26.47918731417245,2.0481049343943596,,,,,0.0483551025390625,0.01570415496826172,0.06405925750732422
39,0.001,83,26.626646935268283,2.043505469000483,,,,,0.04713630676269531,0.024538040161132812,0.07167434692382812
40,0.001,87,26.898886444872147,2.035721835048719,,,,,0.9635264873504639,0.025649070739746094,0.98917555809021
41,0.001,91,27.168322682307625,2.0276601851641476,,,,,0.0677485466003418,0.024275779724121094,0.09202432632446289
42,0.001,94,27.29577792834759,2.022444149281116,,,,,0.056395530700683594,0.0220491886138916,0.0784447193145752
43,0.001,98,27.58087101225749,2.014517371751824,,,,,0.05555915832519531,0.03176522254943848,0.08732438087463379
44,0.001,101,27.67259702432496,2.012665046323644,,,,,0.06166887283325195,0.04854464530944824,0.1102135181427002
45,0.001,105,27.917612561483164,2.006206472714742,,,,,0.06492781639099121,0.0307769775390625,0.09570479393005371
46,0.001,109,28.031607090536184,2.0030449738196276,,,,,0.10540509223937988,0.022276639938354492,0.12768173217773438
47,0.001,114,28.34409109991604,1.9957163177038495,,,,,1.1305773258209229,0.0263369083404541,1.156914234161377
48,0.001,118,28.49136754469769,1.990620643405591,,,,,0.7257208824157715,0.02837395668029785,0.7540948390960693
49,0.001,121,28.674441415081795,1.9853076412658062,,,,,0.9528214931488037,0.02120351791381836,0.9740250110626221
50,0.001,124,28.83705096615225,1.9811365450582197,,,,,0.05318927764892578,0.016008615493774414,0.0691978931427002
51,0.001,126,28.92468746013522,1.9787939503079368,,,,,0.05206942558288574,0.02350449562072754,0.07557392120361328
52,0.001,129,29.0884541153032,1.9743430420409802,,,,,0.09101104736328125,0.10935306549072266,0.2003641128540039
53,0.001,131,29.13500428974139,1.972695758324543,,,,,0.04259991645812988,0.11764097213745117,0.16024088859558105
54,0.001,134,29.21768351095677,1.9697716156048561,,,,,0.04802203178405762,0.017915725708007812,0.06593775749206543
55,0.001,140,29.55638236977676,1.9632214435509272,,,,,0.05660843849182129,0.023619413375854492,0.08022785186767578
56,0.001,143,29.64846813039095,1.96029830062306,,,,,0.8387300968170166,0.018096923828125,0.8568270206451416
57,0.001,148,29.881312858224288,1.9541332834475749,,,,,0.05085301399230957,0.04869389533996582,0.09954690933227539
58,0.001,152,30.02571556350626,1.9492140569184955,,,,,0.0810692310333252,0.12160158157348633,0.20267081260681152
59,0.001,155,30.128287777204743,1.9459915153441891,,,,,0.04586291313171387,0.06816697120666504,0.1140298843383789
60,0.001,159,30.289355341171742,1.9413117372764732,,,,,0.7918839454650879,0.01921224594116211,0.81109619140625
61,0.001,163,30.42244293132164,1.9366890682033235,,,,,0.046684980392456055,0.016145944595336914,0.06283092498779297
62,0.001,167,30.586351906718914,1.9324400960328336,,,,,0.15528082847595215,0.13106107711791992,0.28634190559387207
63,0.001,171,30.716776285101222,1.9280804263220892,,,,,0.07188725471496582,0.10202169418334961,0.17390894889831543
64,0.001,176,30.835843373493976,1.9243888665329327,,,,,0.7515659332275391,0.021312952041625977,0.772878885269165
65,0.001,180,30.940405046480745,1.921500555674235,,,,,0.06779026985168457,0.02585291862487793,0.0936431884765625
66,0.001,184,31.048989264998703,1.9190437528102293,,,,,0.057250022888183594,0.029818058013916016,0.08706808090209961
67,0.001,189,31.14733383876674,1.9158517204264485,,,,,0.04453635215759277,0.01717996597290039,0.061716318130493164
68,0.001,193,31.24793208983002,1.912005862423793,,,,,1.1895897388458252,0.021862268447875977,1.2114520072937012
69,0.001,198,31.37842983198356,1.9080661101774736,,,,,1.527785301208496,0.044011831283569336,1.5717971324920654
70,0.001,202,31.428634874264734,1.905575687342351,,,,,0.04572248458862305,0.022998809814453125,0.06872129440307617
71,0.001,207,31.612507723200494,1.8998899534704605,,,,,0.045477867126464844,0.10262680053710938,0.14810466766357422
72,0.001,211,31.73304491063314,1.8971438910723863,,,,,0.7578384876251221,0.019056320190429688,0.7768948078155518
73,0.001,216,31.890296879621413,1.8925500473490469,,,,,0.07424402236938477,0.02354145050048828,0.09778547286987305
74,0.001,220,31.973194847605225,1.890099328214472,,,,,0.06900334358215332,0.024064064025878906,0.09306740760803223
75,0.001,225,32.110372340425535,1.8862616554896037,,,,,0.2541482448577881,0.022119522094726562,0.27626776695251465
76,0.001,230,32.225858183079055,1.8830222399338432,,,,,0.09164905548095703,0.09541106224060059,0.18706011772155762
77,0.001,234,32.34340930771327,1.8790184310358813,,,,,0.11541581153869629,0.12284302711486816,0.23825883865356445
78,0.001,238,32.44081502812751,1.8764496806288968,,,,,0.046613454818725586,0.034662723541259766,0.08127617835998535
79,0.001,243,32.52012031209022,1.874358496548217,,,,,0.04809927940368652,0.023624420166015625,0.07172369956970215
80,0.001,247,32.6213600077567,1.8717405940839635,,,,,0.05294179916381836,0.03013134002685547,0.08307313919067383
81,0.001,251,32.67673194925762,1.8703768913489414,,,,,0.730487585067749,0.01998615264892578,0.7504737377166748
82,0.001,255,32.76063663381824,1.8681752246968886,,,,,0.0348968505859375,0.09410929679870605,0.12900614738464355
83,0.001,259,32.8265002925147,1.866392936945882,,,,,0.04493594169616699,0.09010791778564453,0.13504385948181152
84,0.001,263,32.886340901512625,1.8642922014337981,,,,,0.04744601249694824,0.10309600830078125,0.1505420207977295
85,0.001,268,32.9551874869904,1.8615273214987855,,,,,0.6948304176330566,0.03651165962219238,0.731342077255249
86,0.001,272,33.027737910430275,1.8592153800760998,,,,,0.07705354690551758,0.02514338493347168,0.10219693183898926
87,0.001,277,33.11326586354619,1.8566276381592457,,,,,0.1926252841949463,0.10463666915893555,0.29726195335388184
88,0.001,282,33.23059893623041,1.8531787179886026,,,,,0.05159258842468262,0.11469578742980957,0.1662883758544922
89,0.001,287,33.34195937308954,1.84944659367671,,,,,0.7406444549560547,0.025632858276367188,0.7662773132324219
90,0.001,292,33.494648610276855,1.8449313550779265,,,,,0.2821967601776123,0.08797621726989746,0.37017297744750977
91,0.001,296,33.566192309763586,1.8423037557183086,,,,,0.058683156967163086,0.10552477836608887,0.16420793533325195
92,0.001,300,33.645,1.838734932343165,,,,,0.05707955360412598,0.06444430351257324,0.12152385711669922
93,0.001,305,33.76165769079206,1.835233247866396,,,,,1.1427478790283203,0.10848259925842285,1.2512304782867432
94,0.001,309,33.86246986546388,1.8325060725597888,,,,,1.0757715702056885,0.02020430564880371,1.0959758758544922
95,0.001,314,34.00884820358518,1.828531808913893,,,,,0.03414511680603027,0.01651287078857422,0.05065798759460449
96,0.001,318,34.07758359812377,1.8260405273557458,,,,,0.02599477767944336,0.015262365341186523,0.04125714302062988
97,0.001,323,34.183904551546135,1.82358671415701,,,,,0.7778468132019043,0.01700592041015625,0.7948527336120605
98,0.001,327,34.2677853746998,1.8213194645143795,,,,,0.11404156684875488,0.024486780166625977,0.13852834701538086
99,0.001,331,34.31146836729754,1.819780068094997,,,,,0.06552863121032715,0.023175954818725586,0.08870458602905273
100,0.001,336,34.459757376424044,1.816329838264556,,,,,0.10221529006958008,0.02597832679748535,0.12819361686706543
101,0.001,341,34.558547349640826,1.813792503474395,,,,,0.049897193908691406,0.01739811897277832,0.06729531288146973
102,0.001,346,34.692718210833064,1.8102894759591603,,,,,0.05703258514404297,0.017145395278930664,0.07417798042297363
103,0.001,350,34.77314285714286,1.8078676686968123,,,,,0.06792712211608887,0.017149925231933594,0.08507704734802246
104,0.001,355,34.88576102899695,1.8046295213027739,,,,,0.05129408836364746,0.09578275680541992,0.14707684516906738
105,0.001,359,34.968322662680976,1.8023712100424807,,,,,0.7618365287780762,0.01729416847229004,0.7791306972503662
106,0.001,364,35.0728275452526,1.7991485317329785,,,,,0.05528521537780762,0.02231431007385254,0.07759952545166016
107,0.001,368,35.15749037604124,1.796449574439422,,,,,0.061301231384277344,0.01919841766357422,0.08049964904785156
108,0.001,373,35.27089276904267,1.7929705694597464,,,,,0.04573178291320801,0.01668405532836914,0.06241583824157715
109,0.001,378,35.40092892359127,1.789249633670484,,,,,0.052794694900512695,0.0160524845123291,0.0688471794128418
110,0.001,383,35.52139093342255,1.785315318767458,,,,,0.047235965728759766,0.016452550888061523,0.06368851661682129
111,0.001,388,35.65997441399802,1.7813676580325843,,,,,0.7960786819458008,0.03255772590637207,0.8286364078521729
112,0.001,393,35.7856539182144,1.7777895548264793,,,,,0.04462242126464844,0.02715015411376953,0.07177257537841797
113,0.001,397,35.87892514511448,1.7751395011728897,,,,,0.04794764518737793,0.018680334091186523,0.06662797927856445
114,0.001,402,35.9933391037886,1.7721683166513396,,,,,0.7234132289886475,0.02514052391052246,0.7485537528991699
115,0.001,406,36.05273006618342,1.7706670247275254,,,,,0.30246567726135254,0.07153034210205078,0.3739960193634033
116,0.001,410,36.13616419656786,1.7683275307097086,,,,,0.04517650604248047,0.016156435012817383,0.06133294105529785
117,0.001,414,36.162789008946206,1.7673798016303979,,,,,0.047353506088256836,0.020535945892333984,0.06788945198059082
118,0.001,418,36.18490432181616,1.766537491499522,,,,,1.1885879039764404,0.08685827255249023,1.2754461765289307
119,0.001,423,36.28217695192635,1.7645266918425864,,,,,0.20048046112060547,0.04798150062561035,0.24846196174621582
120,0.001,427,36.30677128278243,1.7635267529052092,,,,,0.042305707931518555,0.017057418823242188,0.05936312675476074
121,0.001,432,36.40399658918177,1.7607157961637885,,,,,0.06412124633789062,0.01909494400024414,0.08321619033813477
122,0.001,436,36.47478331925521,1.758808911120126,,,,,0.8237578868865967,0.017020702362060547,0.8407785892486572
123,0.001,441,36.560991324548986,1.7564172928565753,,,,,0.37047910690307617,0.09867572784423828,0.46915483474731445
124,0.001,445,36.63414853443625,1.7543612654289502,,,,,0.04709625244140625,0.09098362922668457,0.13807988166809082
125,0.001,451,36.743388378445495,1.7512698337402681,,,,,0.051026344299316406,0.029429912567138672,0.08045625686645508
126,0.001,455,36.84610652135701,1.748657565850478,,,,,0.05893373489379883,0.02019953727722168,0.07913327217102051
127,0.001,460,36.952676864244744,1.7456973158794902,,,,,0.046790361404418945,0.016821861267089844,0.06361222267150879
128,0.001,464,37.0259898004893,1.7435214126418377,,,,,0.05185079574584961,0.0220489501953125,0.07389974594116211
129,0.001,469,37.109548072662825,1.7410423163411968,,,,,0.0697784423828125,0.02356433868408203,0.09334278106689453
130,0.001,474,37.14323088088848,1.7395482163892013,,,,,0.08088278770446777,0.03650045394897461,0.11738324165344238
131,0.001,479,37.23909195651811,1.7369238013763268,,,,,0.7498717308044434,0.03030538558959961,0.780177116394043
132,0.001,484,37.33302906141061,1.7343317511653111,,,,,0.035002708435058594,0.06061506271362305,0.09561777114868164
133,0.001,488,37.40108782909287,1.732311797923729,,,,,0.06412458419799805,0.07769250869750977,0.1418170928955078
134,0.001,493,37.49787204721218,1.729475614990714,,,,,0.04627418518066406,0.022289276123046875,0.06856346130371094
135,0.001,497,37.567634384396456,1.7274892313379637,,,,,0.05678915977478027,0.032808780670166016,0.08959794044494629
136,0.001,503,37.71343255134294,1.7240070144888422,,,,,0.7911190986633301,0.03391766548156738,0.8250367641448975
136,,503,,,49.55,48.116796050157895,53.4746809136886,49.55,,,
137,0.001,508,37.796191764021444,1.7213498109907617,,,,,0.051119327545166016,0.029800891876220703,0.08092021942138672
138,0.001,512,37.87990750417245,1.7188323012087494,,,,,0.05165219306945801,0.029372215270996094,0.0810244083404541
139,0.001,516,37.94556504650047,1.7168109932149103,,,,,0.7305912971496582,0.018720388412475586,0.7493116855621338
140,0.001,521,38.04835818151173,1.7139068967778943,,,,,0.059398651123046875,0.016089200973510742,0.07548785209655762
141,0.001,525,38.10148232611174,1.7123738129933674,,,,,0.04309391975402832,0.017365217208862305,0.060459136962890625
142,0.001,530,38.154663095148265,1.7101521424527437,,,,,0.05150938034057617,0.016360998153686523,0.0678703784942627
143,0.001,535,38.26825349375981,1.7074016087523132,,,,,1.5714898109436035,0.020714759826660156,1.5922045707702637
144,0.001,540,38.36137019764601,1.7050028403600057,,,,,0.06921529769897461,0.016928911209106445,0.08614420890808105
145,0.001,544,38.43074555152299,1.7033629310043419,,,,,0.0566864013671875,0.03538393974304199,0.09207034111022949
146,0.001,548,38.47736663065378,1.701854548097527,,,,,0.08840060234069824,0.034789085388183594,0.12318968772888184
147,0.001,551,38.50177124771335,1.7014813503206534,,,,,0.7297241687774658,0.017237186431884766,0.7469613552093506
148,0.001,555,38.542747514051015,1.700251274710303,,,,,0.14541077613830566,0.017100811004638672,0.16251158714294434
149,0.001,558,38.55859632527876,1.6998479223165888,,,,,0.07845258712768555,0.01769566535949707,0.09614825248718262
150,0.001,562,38.61055188800046,1.6983321152123692,,,,,0.0586545467376709,0.01786351203918457,0.07651805877685547
151,0.001,566,38.67023079748015,1.6968848642106613,,,,,0.08049845695495605,0.02235579490661621,0.10285425186157227
152,0.001,572,38.7723395187659,1.69427423773112,,,,,0.07957339286804199,0.053707122802734375,0.13328051567077637
153,0.001,576,38.834058242459555,1.6926897474461131,,,,,0.09252786636352539,0.031377315521240234,0.12390518188476562
154,0.001,581,38.927260100662835,1.6903449005596405,,,,,0.04777193069458008,0.019980669021606445,0.06775259971618652
155,0.001,586,38.99497496008624,1.688303586362572,,,,,0.06702303886413574,0.016565322875976562,0.0835883617401123
156,0.001,591,39.0972701324351,1.685792182302717,,,,,0.7054014205932617,0.02236032485961914,0.7277617454528809
157,0.001,596,39.17676997974867,1.6836054203094253,,,,,0.08600163459777832,0.018579483032226562,0.10458111763000488
158,0.001,600,39.24259074259074,1.6818607985973357,,,,,0.03879714012145996,0.01602935791015625,0.05482649803161621
159,0.001,605,39.341362345638245,1.6792712976124662,,,,,0.05036306381225586,0.023017406463623047,0.0733804702758789
160,0.001,609,39.412708095556695,1.6775662881400197,,,,,0.0408635139465332,0.017330408096313477,0.05819392204284668
161,0.001,614,39.502240883604145,1.6750375496448058,,,,,0.7103466987609863,0.07376837730407715,0.7841150760650635
162,0.001,618,39.55344796391786,1.6737054868037646,,,,,0.06352663040161133,0.0794522762298584,0.14297890663146973
163,0.001,623,39.64474999679565,1.6713595723263908,,,,,0.03545093536376953,0.016714811325073242,0.05216574668884277
164,0.001,627,39.6944625012746,1.6699691910112493,,,,,0.7578938007354736,0.01806163787841797,0.7759554386138916
165,0.001,631,39.75107005369264,1.668225910319768,,,,,0.22590875625610352,0.024467945098876953,0.25037670135498047
166,0.001,635,39.79417228134248,1.6668826636366956,,,,,0.11782646179199219,0.10228848457336426,0.22011494636535645
167,0.001,639,39.834141938395575,1.665250734917248,,,,,0.7127671241760254,0.02454233169555664,0.737309455871582
168,0.001,644,39.91575671272402,1.6633004368462176,,,,,0.9534552097320557,0.017760753631591797,0.9712159633636475
169,0.001,649,40.000632349130754,1.6609109908296442,,,,,0.08520650863647461,0.028172731399536133,0.11337924003601074
170,0.001,654,40.0706354744329,1.6590156081255059,,,,,0.052489519119262695,0.03651309013366699,0.08900260925292969
171,0.001,659,40.14659218012936,1.6566798082794514,,,,,0.0890042781829834,0.036362648010253906,0.1253669261932373
172,0.001,664,40.229756791970274,1.654453801282917,,,,,0.8041090965270996,0.027657508850097656,0.8317666053771973
173,0.001,669,40.31037506584303,1.6521562263035454,,,,,0.3230397701263428,0.11627364158630371,0.4393134117126465
174,0.001,673,40.358621674361046,1.6505176223936264,,,,,0.061784982681274414,0.0309298038482666,0.09271478652954102
175,0.001,678,40.456727362902086,1.6479623345850491,,,,,0.040045738220214844,0.017252683639526367,0.05729842185974121
176,0.001,683,40.531605995968306,1.6459219043809883,,,,,0.06679773330688477,0.0165863037109375,0.08338403701782227
177,0.001,688,40.619401726304034,1.643714115543421,,,,,0.060205936431884766,0.0255584716796875,0.08576440811157227
178,0.001,693,40.708281372684866,1.6413557448600449,,,,,0.06552433967590332,0.016924142837524414,0.08244848251342773
179,0.001,698,40.800943331346566,1.6389803290367126,,,,,0.053231000900268555,0.02660059928894043,0.07983160018920898
180,0.001,703,40.87579291416598,1.6365082672615647,,,,,0.11440062522888184,0.03908562660217285,0.1534862518310547
181,0.001,707,40.93760260866612,1.6348259169107786,,,,,0.7392978668212891,0.09922909736633301,0.8385269641876221
182,0.001,711,41.00911260455011,1.6329950588832591,,,,,0.05193829536437988,0.022489309310913086,0.07442760467529297
183,0.001,716,41.09619661797414,1.6306526008264979,,,,,0.059484004974365234,0.028982162475585938,0.08846616744995117
184,0.001,720,41.1595682613769,1.6289346469773187,,,,,0.05329418182373047,0.020518064498901367,0.07381224632263184
185,0.001,725,41.238,1.6268580104564798,,,,,0.043863534927368164,0.016083717346191406,0.05994725227355957
186,0.001,730,41.30147220089922,1.6250312326705618,,,,,0.04039406776428223,0.016366243362426758,0.056760311126708984
187,0.001,735,41.37958728084504,1.6228931268056235,,,,,0.7583754062652588,0.10634446144104004,0.8647198677062988
188,0.001,740,41.449186222558666,1.6211149607155775,,,,,0.054131507873535156,0.08106637001037598,0.13519787788391113
189,0.001,744,41.50857155148308,1.6194722508230517,,,,,0.7215662002563477,0.021982431411743164,0.7435486316680908
190,0.001,749,41.56695274614941,1.617709891977552,,,,,0.2578012943267822,0.07641887664794922,0.33422017097473145
191,0.001,753,41.61995396506448,1.616105139018055,,,,,0.029728412628173828,0.0931246280670166,0.12285304069519043
192,0.001,758,41.67250579064824,1.6143848405349852,,,,,0.716240644454956,0.03305244445800781,0.7492930889129639
193,0.001,762,41.73340013254647,1.6127946982233543,,,,,0.9105687141418457,0.041721343994140625,0.9522900581359863
194,0.001,767,41.795540276486136,1.6111715355939007,,,,,0.1072080135345459,0.0226743221282959,0.1298823356628418
195,0.001,772,41.860812115298785,1.609249278362551,,,,,0.06271171569824219,0.034924983978271484,0.09763669967651367
196,0.001,776,41.917648394990344,1.6077176247982634,,,,,0.049158334732055664,0.02414560317993164,0.0733039379119873
197,0.001,781,41.995771491286554,1.6055823280625092,,,,,0.7768592834472656,0.017531156539916992,0.7943904399871826
198,0.001,785,42.05646395592061,1.603975576352162,,,,,0.48192620277404785,0.10503101348876953,0.5869572162628174
199,0.001,790,42.13632216534036,1.6017855534070655,,,,,0.06607794761657715,0.016627073287963867,0.08270502090454102
200,0.001,794,42.18707453835836,1.6004529940691643,,,,,0.048734188079833984,0.022183895111083984,0.07091808319091797
201,0.001,800,42.27727045283963,1.597979325503111,,,,,0.05630135536193848,0.029090166091918945,0.08539152145385742
202,0.001,804,42.32883548891345,1.5966155110900082,,,,,0.0676581859588623,0.028380870819091797,0.0960390567779541
203,0.001,809,42.39286632962989,1.5948985741371278,,,,,0.04680371284484863,0.02479863166809082,0.07160234451293945
204,0.001,814,42.45719742029356,1.593170079903755,,,,,0.03911590576171875,0.02562737464904785,0.0647432804107666
205,0.001,819,42.51120676169805,1.5916288038749835,,,,,0.058461904525756836,0.016363143920898438,0.07482504844665527
206,0.001,824,42.57538475738909,1.5898446109399056,,,,,0.7219431400299072,0.07564187049865723,0.7975850105285645
207,0.001,829,42.6440200073386,1.5879043674296436,,,,,0.054035186767578125,0.09540081024169922,0.14943599700927734
208,0.001,834,42.70959290608626,1.586127895388386,,,,,0.030150651931762695,0.03540492057800293,0.06555557250976562
209,0.001,839,42.79099740561988,1.5839518345581618,,,,,0.04804682731628418,0.01640152931213379,0.06444835662841797
210,0.001,843,42.846439148015264,1.582432233000424,,,,,0.0563201904296875,0.01584458351135254,0.07216477394104004
211,0.001,847,42.886682231947894,1.5812639568040616,,,,,0.054651737213134766,0.02743697166442871,0.08208870887756348
212,0.001,851,42.937228958731176,1.5798705495482466,,,,,0.7879557609558105,0.08935761451721191,0.8773133754730225
213,0.001,855,42.97710995646679,1.578877910257083,,,,,0.0616002082824707,0.10447239875793457,0.16607260704040527
214,0.001,860,43.038830207994046,1.5772494012533231,,,,,0.7208783626556396,0.03447270393371582,0.7553510665893555
215,0.001,864,43.08046671668195,1.5761614926159382,,,,,0.12399482727050781,0.02289414405822754,0.14688897132873535
216,0.001,868,43.118911663776245,1.5748927354263271,,,,,0.03836226463317871,0.017166614532470703,0.055528879165649414
217,0.001,872,43.1653168383238,1.5733189226017086,,,,,0.7046589851379395,0.023078441619873047,0.7277374267578125
218,0.001,876,43.21697850081845,1.5719262282597963,,,,,1.1769120693206787,0.13163208961486816,1.3085441589355469
219,0.001,881,43.27201503732056,1.570349941729958,,,,,0.08858132362365723,0.024053096771240234,0.11263442039489746
220,0.001,885,43.31387720012669,1.5691615534367533,,,,,0.07877039909362793,0.017532825469970703,0.09630322456359863
221,0.001,890,43.37050958854776,1.567546649863211,,,,,0.05141782760620117,0.026854991912841797,0.07827281951904297
222,0.001,894,43.41403631410084,1.5664197451849644,,,,,0.8319835662841797,0.025085926055908203,0.8570694923400879
223,0.001,899,43.45933729571742,1.5651794221165183,,,,,0.07792258262634277,0.03769516944885254,0.11561775207519531
224,0.001,904,43.530871772607256,1.5633727202637007,,,,,0.2034921646118164,0.12598204612731934,0.32947421073913574
225,0.001,909,43.58689714718683,1.5618330982520898,,,,,0.06596779823303223,0.025765180587768555,0.09173297882080078
226,0.001,915,43.659807911087775,1.5597365004117372,,,,,0.07001900672912598,0.021486282348632812,0.09150528907775879
227,0.001,919,43.71297328849471,1.5582345353117186,,,,,0.06307578086853027,0.01661539077758789,0.07969117164611816
228,0.001,924,43.771876245429816,1.5566265810103643,,,,,0.07958054542541504,0.01982402801513672,0.09940457344055176
229,0.001,929,43.83691475245989,1.5547788426745182,,,,,0.04944658279418945,0.03468823432922363,0.08413481712341309
230,0.001,934,43.903167897722405,1.5529797124403193,,,,,0.05148816108703613,0.017279386520385742,0.06876754760742188
231,0.001,939,43.973598541016855,1.5511347826042623,,,,,0.8253750801086426,0.08109235763549805,0.9064674377441406
232,0.001,943,44.02194664584995,1.5499531937050035,,,,,0.03327012062072754,0.08646059036254883,0.11973071098327637
233,0.001,948,44.08356119297179,1.5483413494588956,,,,,0.07343602180480957,0.04505205154418945,0.11848807334899902
234,0.001,953,44.131345795490795,1.547204525998607,,,,,0.051213979721069336,0.02306985855102539,0.07428383827209473
235,0.001,958,44.20392781404979,1.5456205347634557,,,,,0.06691241264343262,0.021458148956298828,0.08837056159973145
236,0.001,963,44.25642990017772,1.5443105032882216,,,,,0.041414737701416016,0.01949477195739746,0.06090950965881348
237,0.001,968,44.32417557453698,1.5425285014731824,,,,,0.7332596778869629,0.101043701171875,0.8343033790588379
238,0.001,973,44.3904383124887,1.5406715874804255,,,,,0.05911564826965332,0.10815906524658203,0.16727471351623535
239,0.001,978,44.46183195186947,1.5388680223550777,,,,,0.7162425518035889,0.020185232162475586,0.7364277839660645
240,0.001,984,44.54255976330399,1.5366449691658097,,,,,0.4554715156555176,0.10667824745178223,0.5621497631072998
241,0.001,989,44.61254821415576,1.5347334625024285,,,,,0.6878299713134766,0.024026870727539062,0.7118568420410156
242,0.001,994,44.67115960461073,1.5329738290496995,,,,,0.19425582885742188,0.020058631896972656,0.21431446075439453
243,0.001,1000,44.7624,1.5305522092580794,,,,,0.8198533058166504,0.024082183837890625,0.843935489654541
244,0.001,1004,44.82275599145898,1.528986292887494,,,,,0.14187979698181152,0.021770477294921875,0.1636502742767334
244,,1004,,,60.69,59.759540063341035,62.14887846683054,60.69,,,
245,0.001,1009,44.886079887754455,1.527266678299729,,,,,0.06472539901733398,0.09561300277709961,0.1603384017944336
246,0.001,1015,44.95888157894737,1.52528436641975,,,,,0.05521702766418457,0.06125378608703613,0.1164708137512207
247,0.001,1019,45.01199659426204,1.5238580279074192,,,,,0.0908970832824707,0.021859169006347656,0.11275625228881836
248,0.001,1024,45.06898463364357,1.522324052755721,,,,,0.8868627548217773,0.0355989933013916,0.922461748123169
249,0.001,1029,45.13730266020262,1.5205615567743953,,,,,0.18304014205932617,0.01584148406982422,0.1988816261291504
250,0.001,1034,45.196440719896096,1.5189411945684275,,,,,0.0524139404296875,0.09917545318603516,0.15158939361572266
251,0.001,1039,45.248986476090835,1.5174670673770556,,,,,0.06791329383850098,0.09788036346435547,0.16579365730285645
252,0.001,1044,45.31599263580134,1.5157510062743877,,,,,0.03409981727600098,0.06110358238220215,0.09520339965820312
253,0.001,1048,45.35677385164399,1.5147511380091878,,,,,0.049337148666381836,0.0375826358795166,0.08691978454589844
254,0.001,1053,45.417406513689066,1.5131152110901314,,,,,0.048131704330444336,0.02124309539794922,0.06937479972839355
255,0.001,1058,45.453545172234016,1.511959836027798,,,,,0.05098152160644531,0.016843080520629883,0.0678246021270752
256,0.001,1063,45.514948604771824,1.510387371422991,,,,,0.7362658977508545,0.024968624114990234,0.7612345218658447
257,0.001,1068,45.567765978941694,1.5089596982082625,,,,,0.04642224311828613,0.10057735443115234,0.14699959754943848
258,0.001,1073,45.63609247108417,1.507166486972976,,,,,0.05090451240539551,0.09972333908081055,0.15062785148620605
259,0.001,1078,45.69658992357812,1.505494247451563,,,,,0.05550074577331543,0.020226001739501953,0.07572674751281738
260,0.001,1083,45.76559952489506,1.503647909270099,,,,,0.048131465911865234,0.02583789825439453,0.07396936416625977
261,0.001,1088,45.822120362143785,1.502128276097424,,,,,0.053900718688964844,0.02021503448486328,0.07411575317382812
262,0.001,1093,45.881218528235976,1.5005904479737906,,,,,0.7028019428253174,0.05988025665283203,0.7626821994781494
263,0.001,1098,45.93045365882062,1.499118787126246,,,,,0.05066108703613281,0.09581685066223145,0.14647793769836426
264,0.001,1103,45.99188424591043,1.4975190332340091,,,,,0.7250885963439941,0.026255369186401367,0.7513439655303955
265,0.001,1108,46.036046436121474,1.4960717414690698,,,,,0.3348991870880127,0.01769542694091797,0.35259461402893066
266,0.001,1113,46.09659470406998,1.4945261770824216,,,,,0.659351110458374,0.02164149284362793,0.680992603302002
267,0.001,1118,46.135107958977734,1.493086237173814,,,,,0.26587653160095215,0.02730560302734375,0.2931821346282959
268,0.001,1123,46.18772663479828,1.4916652048260424,,,,,0.995678186416626,0.04300880432128906,1.038686990737915
269,0.001,1128,46.24549674134275,1.4901445863094736,,,,,0.0775003433227539,0.017197370529174805,0.09469771385192871
270,0.001,1133,46.30768660562376,1.4884814359609364,,,,,0.07866263389587402,0.020491838455200195,0.09915447235107422
271,0.001,1137,46.349165734624826,1.4873923499435318,,,,,0.07600617408752441,0.0243682861328125,0.10037446022033691
272,0.001,1141,46.400247418922994,1.4860171432770939,,,,,0.09203243255615234,0.048432111740112305,0.14046454429626465
273,0.001,1144,46.43009429807699,1.4852358626944202,,,,,0.887578010559082,0.10732603073120117,0.9949040412902832
274,0.001,1149,46.4831816252253,1.4839045817795995,,,,,0.054743051528930664,0.10423398017883301,0.15897703170776367
275,0.001,1154,46.54051802379154,1.4824514346684698,,,,,0.041365623474121094,0.03118157386779785,0.07254719734191895
276,0.001,1158,46.576348473237644,1.481535338161317,,,,,0.07023119926452637,0.017328977584838867,0.08756017684936523
277,0.001,1163,46.634625298132505,1.4800180310538793,,,,,0.04453563690185547,0.016980886459350586,0.061516523361206055
278,0.001,1167,46.67185498729461,1.4790784682385822,,,,,0.054462432861328125,0.01768040657043457,0.0721428394317627
279,0.001,1172,46.71357260247816,1.4779703457404323,,,,,0.05595588684082031,0.025808334350585938,0.08176422119140625
280,0.001,1176,46.747729096125866,1.476900073135791,,,,,0.0867915153503418,0.030725479125976562,0.11751699447631836
281,0.001,1181,46.79854520099108,1.475590132031776,,,,,0.7578022480010986,0.06685400009155273,0.8246562480926514
282,0.001,1186,46.84445732619744,1.474394123731134,,,,,0.048848628997802734,0.0817575454711914,0.13060617446899414
283,0.001,1191,46.89626706398744,1.4730206648909074,,,,,0.09541130065917969,0.02534627914428711,0.1207575798034668
284,0.001,1196,46.940407850946954,1.4718290658100792,,,,,0.05658364295959473,0.03304862976074219,0.08963227272033691
285,0.001,1201,47.002721622592794,1.4702390218952315,,,,,0.034310102462768555,0.01721811294555664,0.051528215408325195
286,0.001,1206,47.04806583707709,1.4691015710285054,,,,,0.03325915336608887,0.01654052734375,0.04979968070983887
287,0.001,1211,47.09265594689822,1.4679490084691444,,,,,0.7317450046539307,0.09257197380065918,0.8243169784545898
288,0.001,1215,47.13331031761689,1.4668963735486253,,,,,0.052954673767089844,0.09975624084472656,0.1527109146118164
289,0.001,1219,47.16316472454156,1.4662335715986257,,,,,0.6992230415344238,0.01847362518310547,0.7176966667175293
290,0.001,1224,47.204728137018684,1.4650128501303055,,,,,0.3732285499572754,0.12631630897521973,0.4995448589324951
291,0.001,1228,47.23328116153301,1.4643006617937493,,,,,0.6735589504241943,0.031677961349487305,0.7052369117736816
292,0.001,1233,47.26546289812221,1.4632453954229487,,,,,0.1306018829345703,0.016501903533935547,0.14710378646850586
293,0.001,1238,47.3155478355202,1.4619385371878382,,,,,1.270740270614624,0.022820472717285156,1.2935607433319092
294,0.001,1243,47.35730270603972,1.4607935485970274,,,,,0.06068563461303711,0.026427507400512695,0.0871131420135498
295,0.001,1248,47.41632723639717,1.4593128001269622,,,,,0.05916547775268555,0.017579078674316406,0.07674455642700195
296,0.001,1253,47.45972165527095,1.4580429860904325,,,,,0.0547482967376709,0.020940303802490234,0.07568860054016113
297,0.001,1258,47.507848794717475,1.4566401519911847,,,,,0.06291747093200684,0.016730070114135742,0.07964754104614258
298,0.001,1263,47.55817651861838,1.4553251209848002,,,,,0.8420453071594238,0.029970645904541016,0.8720159530639648
299,0.001,1268,47.61203815191421,1.4538508323652888,,,,,0.0977790355682373,0.026055097579956055,0.12383413314819336
300,0.001,1273,47.6660162994682,1.4524536778958688,,,,,0.046584129333496094,0.039818525314331055,0.08640265464782715
301,0.001,1278,47.71936695245421,1.4511370716706875,,,,,0.35686516761779785,0.023407936096191406,0.38027310371398926
302,0.001,1283,47.772175472908586,1.4497333798479124,,,,,0.05922961235046387,0.026650190353393555,0.08587980270385742
303,0.001,1288,47.81370782125331,1.4487455991669471,,,,,0.040177106857299805,0.023070335388183594,0.0632474422454834
304,0.001,1293,47.868390399742935,1.4473579307904283,,,,,0.04287457466125488,0.08928322792053223,0.1321578025817871
305,0.001,1298,47.908404867174895,1.4462736629190724,,,,,0.05442309379577637,0.11199259757995605,0.16641569137573242
306,0.001,1303,47.95748126157734,1.4449928173722437,,,,,0.7830414772033691,0.01708698272705078,0.8001284599304199
307,0.001,1308,47.996245585737505,1.444039097346297,,,,,0.03214740753173828,0.022852659225463867,0.05500006675720215
308,0.001,1313,48.041060104434194,1.4428791413303559,,,,,0.055351972579956055,0.09954595565795898,0.15489792823791504
309,0.001,1318,48.09033882173212,1.4416222537052288,,,,,0.05326390266418457,0.11450648307800293,0.1677703857421875
310,0.001,1323,48.133650675749124,1.4404046501251935,,,,,0.052397727966308594,0.060265541076660156,0.11266326904296875
311,0.001,1328,48.175989869701745,1.4392615877181651,,,,,0.07517170906066895,0.03371143341064453,0.10888314247131348
312,0.001,1333,48.22072524415614,1.4379142086396786,,,,,0.05167746543884277,0.029476404190063477,0.08115386962890625
313,0.001,1338,48.26657021363004,1.436711296817825,,,,,0.7264080047607422,0.019290924072265625,0.7456989288330078
314,0.001,1343,48.319317106836664,1.4352979383979905,,,,,0.6920726299285889,0.022485733032226562,0.7145583629608154
315,0.001,1348,48.35726441498067,1.4341195314149828,,,,,0.4035646915435791,0.03238677978515625,0.43595147132873535
316,0.001,1354,48.41838978348641,1.4325429331428718,,,,,0.6921536922454834,0.0199429988861084,0.7120966911315918
317,0.001,1359,48.453262763239984,1.431349162234376,,,,,0.09294986724853516,0.04669976234436035,0.1396496295928955
318,0.001,1364,48.50238504298061,1.430051072951286,,,,,0.9857573509216309,0.07593536376953125,1.061692714691162
319,0.001,1369,48.55212580761996,1.4287613650322657,,,,,0.04149580001831055,0.04155230522155762,0.08304810523986816
320,0.001,1374,48.60065940333601,1.4275053116605445,,,,,0.0601503849029541,0.018494367599487305,0.0786447525024414
321,0.001,1379,48.64813617036087,1.4261334769703324,,,,,0.11499691009521484,0.025606155395507812,0.14060306549072266
322,0.001,1384,48.698071688233625,1.4248284154889213,,,,,0.891932487487793,0.035263776779174805,0.9271962642669678
323,0.001,1389,48.74821497463537,1.4235578228708134,,,,,0.14320015907287598,0.09007930755615234,0.23327946662902832
324,0.001,1394,48.802400362578666,1.422189407061299,,,,,0.09390950202941895,0.09466028213500977,0.1885697841644287
325,0.001,1399,48.845864747609276,1.42100253635172,,,,,0.06969070434570312,0.0305025577545166,0.10019326210021973
326,0.001,1404,48.8995483720321,1.4195864223516905,,,,,0.04563426971435547,0.016988277435302734,0.0626225471496582
327,0.001,1409,48.94777048919859,1.4183382707085483,,,,,0.06180763244628906,0.016875505447387695,0.07868313789367676
328,0.001,1414,48.99596165480276,1.4171101752737119,,,,,0.04429149627685547,0.01704716682434082,0.06133866310119629
329,0.001,1419,49.03803089455627,1.4159894478497494,,,,,0.06327557563781738,0.018166065216064453,0.08144164085388184
330,0.001,1423,49.0675788450299,1.4150559595581182,,,,,0.06096982955932617,0.01741814613342285,0.07838797569274902
331,0.001,1428,49.11193751959862,1.4138624676051927,,,,,0.7485365867614746,0.09307694435119629,0.8416135311126709
332,0.001,1432,49.146023640952336,1.4129447395491865,,,,,0.047765254974365234,0.09113883972167969,0.13890409469604492
333,0.001,1438,49.19831789574345,1.4115506671317264,,,,,0.04748940467834473,0.06952524185180664,0.11701464653015137
334,0.001,1442,49.235624473322396,1.410570979573029,,,,,0.04988455772399902,0.027126312255859375,0.0770108699798584
335,0.001,1447,49.28065751093826,1.4093958874694545,,,,,0.061333656311035156,0.03438448905944824,0.0957181453704834
336,0.001,1452,49.32654302637953,1.4081558605281446,,,,,0.04624152183532715,0.020697832107543945,0.0669393539428711
337,0.001,1457,49.36214130094775,1.407165069038441,,,,,0.04343438148498535,0.020660877227783203,0.06409525871276855
338,0.001,1462,49.410170910244766,1.4058225000361249,,,,,0.749342679977417,0.10249853134155273,0.8518412113189697
339,0.001,1467,49.45468472299456,1.40465937618829,,,,,0.7463130950927734,0.01961374282836914,0.7659268379211426
340,0.001,1472,49.50048507807447,1.4032692544405228,,,,,0.41744208335876465,0.07560253143310547,0.4930446147918701
341,0.001,1477,49.54828820728913,1.4019860933984383,,,,,0.6769769191741943,0.017444610595703125,0.6944215297698975
342,0.001,1482,49.589120089022856,1.4005729278169985,,,,,0.16255450248718262,0.02990269660949707,0.1924571990966797
343,0.001,1487,49.63518311163269,1.3993303607836136,,,,,0.9558553695678711,0.021664857864379883,0.977520227432251
344,0.001,1492,49.67938744963815,1.3981153374542818,,,,,0.06835651397705078,0.02270793914794922,0.091064453125
345,0.001,1497,49.72462588416443,1.3969463559891593,,,,,0.07161426544189453,0.03524899482727051,0.10686326026916504
346,0.001,1502,49.76815713897518,1.3957880171891377,,,,,0.06857943534851074,0.11101484298706055,0.1795942783355713
347,0.001,1506,49.799574107432264,1.3949317944002342,,,,,0.8352499008178711,0.12174391746520996,0.956993818283081
347,,1506,,,65.62,65.463557516258,66.854739597378,65.62,,,
348,0.001,1512,49.85215203137155,1.3935835108397499,,,,,0.049094438552856445,0.02295851707458496,0.0720529556274414
349,0.001,1516,49.881744364632425,1.3928046364897473,,,,,0.06699967384338379,0.0175628662109375,0.08456254005432129
350,0.001,1521,49.92106668139475,1.391747797656263,,,,,0.0513606071472168,0.03132343292236328,0.08268404006958008
351,0.001,1525,49.95029508196721,1.391003134680576,,,,,0.055973052978515625,0.025864839553833008,0.08183789253234863
352,0.001,1530,49.9991503934332,1.3897716223804,,,,,0.05474519729614258,0.019451379776000977,0.07419657707214355
353,0.001,1535,50.03771397305959,1.388788143741968,,,,,0.0358281135559082,0.04689955711364746,0.08272767066955566
354,0.001,1540,50.081961359682154,1.387572618080424,,,,,0.04019570350646973,0.09486937522888184,0.13506507873535156
355,0.001,1545,50.11437781575268,1.3866040276478024,,,,,0.05961775779724121,0.11551666259765625,0.17513442039489746
356,0.001,1549,50.15113210275692,1.3856449309589787,,,,,0.7251815795898438,0.019491910934448242,0.744673490524292
357,0.001,1555,50.196608621842685,1.38445258500875,,,,,0.04355001449584961,0.016947269439697266,0.060497283935546875
358,0.001,1560,50.244770035379176,1.3831687326232591,,,,,0.04248785972595215,0.016519784927368164,0.05900764465332031
359,0.001,1565,50.28427965452037,1.38215494403443,,,,,0.0674138069152832,0.10068893432617188,0.16810274124145508
360,0.001,1570,50.337221741123734,1.3807966457430725,,,,,0.05134320259094238,0.11505556106567383,0.1663987636566162
361,0.001,1575,50.378744605229755,1.3797244160894364,,,,,0.05057382583618164,0.04509401321411133,0.09566783905029297
362,0.001,1580,50.4210123281776,1.378482105535797,,,,,0.03550434112548828,0.016780853271484375,0.052285194396972656
363,0.001,1585,50.45698076534733,1.3774619188970572,,,,,0.7612621784210205,0.017697811126708984,0.7789599895477295
364,0.001,1590,50.49485456924316,1.376530546512244,,,,,0.764962911605835,0.027219295501708984,0.792182207107544
365,0.001,1594,50.519753259990864,1.3757078364921485,,,,,0.1285552978515625,0.017513036727905273,0.14606833457946777
366,0.001,1598,50.542178555509366,1.375142619442731,,,,,0.7226274013519287,0.09398055076599121,0.8166079521179199
367,0.001,1603,50.56926618338421,1.3742655881553312,,,,,0.03280282020568848,0.07409000396728516,0.10689282417297363
368,0.001,1607,50.58584698337079,1.3738763235931302,,,,,1.2559354305267334,0.02559804916381836,1.2815334796905518
369,0.001,1612,50.62248212964021,1.3729366630537634,,,,,0.05451536178588867,0.08934164047241211,0.14385700225830078
370,0.001,1617,50.65631638367723,1.372037670902802,,,,,0.058450937271118164,0.17338800430297852,0.23183894157409668
371,0.001,1622,50.68479157202394,1.371235253264078,,,,,0.042127370834350586,0.025004148483276367,0.06713151931762695
372,0.001,1627,50.72265894189687,1.3702060460458156,,,,,0.8706789016723633,0.04012727737426758,0.9108061790466309
373,0.001,1632,50.75820305599717,1.369281508905046,,,,,0.23605847358703613,0.04299211502075195,0.2790505886077881
374,0.001,1637,50.792057171926665,1.3684151711519272,,,,,0.06456565856933594,0.09021115303039551,0.15477681159973145
375,0.001,1642,50.835574372427786,1.367332075385606,,,,,0.055286407470703125,0.10811638832092285,0.16340279579162598
376,0.001,1647,50.87879041980206,1.3662255350285468,,,,,0.04197835922241211,0.016567707061767578,0.05854606628417969
377,0.001,1652,50.91958799356452,1.3651877734765014,,,,,0.03955960273742676,0.022065162658691406,0.061624765396118164
378,0.001,1657,50.961069296025045,1.3640463190331975,,,,,0.0718851089477539,0.01844501495361328,0.09033012390136719
379,0.001,1662,51.00166276560905,1.363006998593196,,,,,0.06802248954772949,0.01800537109375,0.08602786064147949
380,0.001,1667,51.039230118971574,1.3618910623011506,,,,,0.08040452003479004,0.0291445255279541,0.10954904556274414
381,0.001,1672,51.08012794422551,1.360813229777026,,,,,0.7875404357910156,0.08160924911499023,0.8691496849060059
382,0.001,1678,51.13201842478138,1.3594230423382838,,,,,0.053267478942871094,0.08226799964904785,0.13553547859191895
383,0.001,1683,51.17661082811333,1.3582444065961536,,,,,0.06491255760192871,0.034555912017822266,0.09946846961975098
384,0.001,1688,51.21524237869211,1.3572018401812038,,,,,0.05653071403503418,0.020750045776367188,0.07728075981140137
385,0.001,1693,51.254053817679846,1.3561637862434206,,,,,0.0487673282623291,0.016845226287841797,0.0656125545501709
386,0.001,1698,51.29104039704198,1.3552499010158512,,,,,0.03603482246398926,0.016628503799438477,0.052663326263427734
387,0.001,1703,51.322984337247455,1.3543592210874373,,,,,0.792710542678833,0.08729910850524902,0.880009651184082
388,0.001,1708,51.36002394855981,1.35340801415315,,,,,0.0629878044128418,0.10412740707397461,0.1671152114868164
389,0.001,1713,51.39354201127029,1.3525494677033678,,,,,0.7317252159118652,0.016994237899780273,0.7487194538116455
390,0.001,1718,51.419086909716235,1.3518357169017525,,,,,0.6936192512512207,0.021791696548461914,0.7154109477996826
391,0.001,1723,51.45131238412965,1.3510031744759925,,,,,0.09553337097167969,0.024681806564331055,0.12021517753601074
392,0.001,1728,51.48331201571942,1.3500822226137474,,,,,0.051291704177856445,0.017802000045776367,0.06909370422363281
393,0.001,1733,51.51320898178406,1.3492576453772434,,,,,1.180363416671753,0.04521369934082031,1.2255771160125732
394,0.001,1738,51.55532077662923,1.3481841874410698,,,,,0.05756831169128418,0.01746845245361328,0.07503676414489746
395,0.001,1743,51.59391096774787,1.3471803518799756,,,,,0.08429384231567383,0.021135568618774414,0.10542941093444824
396,0.001,1749,51.64238487188648,1.3458176371095656,,,,,0.052171945571899414,0.028289318084716797,0.08046126365661621
397,0.001,1755,51.691570815646536,1.3444945777922954,,,,,0.8008437156677246,0.02740001678466797,0.8282437324523926
398,0.001,1760,51.73502707868748,1.3433320315724069,,,,,0.2623565196990967,0.022111892700195312,0.284468412399292
399,0.001,1765,51.77377819122385,1.342286635796004,,,,,0.057373046875,0.01729416847229004,0.07466721534729004
400,0.001,1770,51.81476516899688,1.3412152508221105,,,,,0.06286096572875977,0.10642123222351074,0.1692821979522705
401,0.001,1775,51.85562824272502,1.340148392227334,,,,,0.05788850784301758,0.07002973556518555,0.12791824340820312
402,0.001,1780,51.89108259480858,1.3392368504505479,,,,,0.03085470199584961,0.016846418380737305,0.047701120376586914
403,0.001,1785,51.93073498407572,1.3381910414922804,,,,,0.046285152435302734,0.016995906829833984,0.06328105926513672
404,0.001,1791,51.983812997881074,1.33683169237533,,,,,0.04759049415588379,0.016793251037597656,0.06438374519348145
405,0.001,1796,52.014153025688586,1.335930230224584,,,,,0.07342934608459473,0.017014026641845703,0.09044337272644043
406,0.001,1801,52.05169006193781,1.3349494827846102,,,,,0.7558279037475586,0.02491927146911621,0.7807471752166748
407,0.001,1806,52.083555020550406,1.334143210718138,,,,,0.057306766510009766,0.02406787872314453,0.0813746452331543
408,0.001,1811,52.12060035458014,1.333132679557221,,,,,0.03696775436401367,0.07545757293701172,0.11242532730102539
409,0.001,1816,52.15244926660876,1.3322639930747153,,,,,0.04347705841064453,0.09268403053283691,0.13616108894348145
410,0.001,1821,52.189449492884556,1.3312995965372134,,,,,0.046544551849365234,0.09587383270263672,0.14241838455200195
411,0.001,1826,52.22223257670111,1.3302832699553206,,,,,0.05962800979614258,0.025659799575805664,0.08528780937194824
412,0.001,1831,52.26108375461367,1.329247746293106,,,,,0.7651021480560303,0.01680302619934082,0.7819051742553711
413,0.001,1836,52.29522083834842,1.3283673814114403,,,,,0.042791128158569336,0.017299652099609375,0.06009078025817871
414,0.001,1842,52.336783318333396,1.3271476162373048,,,,,0.1637439727783203,0.11310958862304688,0.2768535614013672
415,0.001,1846,52.3613726902681,1.3264628942583647,,,,,0.6940510272979736,0.037806034088134766,0.7318570613861084
416,0.001,1852,52.409917995207735,1.3252290223059335,,,,,0.6969811916351318,0.09489870071411133,0.7918798923492432
417,0.001,1856,52.427094849029224,1.3246222912687167,,,,,0.04923582077026367,0.05138206481933594,0.10061788558959961
418,0.001,1861,52.46150541755667,1.3237440686658914,,,,,1.2038230895996094,0.0364224910736084,1.2402455806732178
419,0.001,1866,52.49500210437711,1.32283978047606,,,,,0.11500334739685059,0.05910205841064453,0.17410540580749512
420,0.001,1871,52.53000154183513,1.321951375741617,,,,,0.08457493782043457,0.11595678329467773,0.2005317211151123
421,0.001,1876,52.568867243559076,1.3209309807972613,,,,,0.056075334548950195,0.023741722106933594,0.07981705665588379
422,0.001,1881,52.60429977680093,1.3199874037190487,,,,,0.7730178833007812,0.01999950408935547,0.7930173873901367
423,0.001,1886,52.63916795520968,1.3190965156603214,,,,,0.3365938663482666,0.09973526000976562,0.4363291263580322
424,0.001,1891,52.665215337558465,1.3184403488082523,,,,,0.08224296569824219,0.053575992584228516,0.1358189582824707
425,0.001,1896,52.69595416751166,1.3176388086963304,,,,,0.04313039779663086,0.08106780052185059,0.12419819831848145
426,0.001,1901,52.7202858491202,1.3170119262820228,,,,,0.059433698654174805,0.020333290100097656,0.07976698875427246
427,0.001,1906,52.75068496604585,1.3162351265971832,,,,,0.048451900482177734,0.026648283004760742,0.07510018348693848
428,0.001,1911,52.78262359183263,1.3154055744113253,,,,,0.06428170204162598,0.027572154998779297,0.09185385704040527
429,0.001,1915,52.804754334957856,1.3147636874537556,,,,,0.0653831958770752,0.027968406677246094,0.09335160255432129
430,0.001,1921,52.846149916810184,1.3136846051124282,,,,,0.770392656326294,0.07724690437316895,0.8476395606994629
431,0.001,1925,52.87555913866639,1.3129283949926303,,,,,0.05646181106567383,0.08039736747741699,0.13685917854309082
432,0.001,1931,52.91772780628222,1.3118213712397417,,,,,0.04642891883850098,0.02469778060913086,0.07112669944763184
433,0.001,1936,52.95506819507473,1.3108432019545027,,,,,0.07032203674316406,0.031332969665527344,0.1016550064086914
434,0.001,1941,52.99074154299365,1.3099377476204799,,,,,0.06558704376220703,0.022107362747192383,0.08769440650939941
435,0.001,1946,53.02406661372025,1.309046480938685,,,,,0.03407645225524902,0.019832849502563477,0.0539093017578125
436,0.001,1952,53.06825080707684,1.307888658228712,,,,,0.028061866760253906,0.016251564025878906,0.04431343078613281
437,0.001,1956,53.09495155407646,1.3072029539290626,,,,,0.7647364139556885,0.11439180374145508,0.8791282176971436
438,0.001,1962,53.13610692847903,1.3060983146306329,,,,,0.06432104110717773,0.03285861015319824,0.09717965126037598
439,0.001,1966,53.16224707113567,1.3054103216768402,,,,,0.058271169662475586,0.020059585571289062,0.07833075523376465
440,0.001,1971,53.19356729780585,1.3043518784625587,,,,,0.7773921489715576,0.01803112030029297,0.7954232692718506
441,0.001,1975,53.2206225286424,1.30364428634885,,,,,0.7462639808654785,0.02074885368347168,0.7670128345489502
442,0.001,1980,53.250409686817186,1.30277017954022,,,,,0.05625724792480469,0.021756410598754883,0.07801365852355957
443,0.001,1985,53.28744248930503,1.3018325451038946,,,,,1.0346441268920898,0.10390973091125488,1.1385538578033447
444,0.001,1990,53.317365751549794,1.301096219273668,,,,,1.1299443244934082,0.11702990531921387,1.246974229812622
445,0.001,1993,53.339576534139326,1.3005319265821622,,,,,0.03560662269592285,0.09831976890563965,0.1339263916015625
446,0.001,1997,53.363235783839734,1.2998161540368107,,,,,0.04295849800109863,0.017722368240356445,0.06068086624145508
447,0.001,2003,53.4062523749145,1.2986696727324651,,,,,0.07062768936157227,0.022621870040893555,0.09324955940246582
448,0.001,2007,53.433369857217556,1.297974104690029,,,,,0.8821496963500977,0.0280914306640625,0.9102411270141602
448,,2007,,,70.04,69.67721206463813,70.7388191477209,70.04,,,
449,0.001,2012,53.46734763757112,1.2970777343566091,,,,,0.04212832450866699,0.016979455947875977,0.05910778045654297
450,0.001,2016,53.4926521716672,1.29640494174664,,,,,0.045973777770996094,0.018854379653930664,0.06482815742492676
451,0.001,2021,53.52305469793471,1.295569325012479,,,,,0.04079866409301758,0.01927661895751953,0.06007528305053711
452,0.001,2026,53.558714464742465,1.2946601493866987,,,,,0.0436248779296875,0.01653599739074707,0.06016087532043457
453,0.001,2031,53.588428632286465,1.29376804734732,,,,,0.04376935958862305,0.016939401626586914,0.06070876121520996
454,0.001,2036,53.6230415725651,1.2928482201572487,,,,,0.7692887783050537,0.023015737533569336,0.792304515838623
455,0.001,2041,53.6575787486558,1.2919341394680497,,,,,0.046888113021850586,0.02600884437561035,0.07289695739746094
456,0.001,2046,53.6919428589325,1.2910146529140827,,,,,0.04830312728881836,0.01654982566833496,0.06485295295715332
457,0.001,2051,53.72486605643593,1.2901915719542836,,,,,0.03670620918273926,0.01325225830078125,0.04995846748352051
458,0.001,2056,53.75484967941477,1.2893840648842694,,,,,0.030977487564086914,0.017050981521606445,0.04802846908569336
459,0.001,2061,53.78652985335602,1.288577581192324,,,,,0.0704655647277832,0.031365156173706055,0.10183072090148926
460,0.001,2067,53.82579631652759,1.2875347025566304,,,,,0.03587675094604492,0.016252517700195312,0.052129268646240234
461,0.001,2072,53.855075628173715,1.286739705036966,,,,,0.05816006660461426,0.02867603302001953,0.08683609962463379
462,0.001,2077,53.89086027308544,1.2858498105075304,,,,,0.9129445552825928,0.10768866539001465,1.0206332206726074
463,0.001,2082,53.92187824461826,1.2850007969352857,,,,,0.05119061470031738,0.023865461349487305,0.07505607604980469
464,0.001,2087,53.95064387151732,1.2841486610118773,,,,,0.6996111869812012,0.018869876861572266,0.7184810638427734
465,0.001,2092,53.98079815962427,1.2833583235284793,,,,,0.7577099800109863,0.04917263984680176,0.8068826198577881
466,0.001,2097,54.01469504488509,1.2824898599213967,,,,,0.08185267448425293,0.019726037979125977,0.1015787124633789
467,0.001,2103,54.04405046086371,1.2816650296357264,,,,,0.03596949577331543,0.016435623168945312,0.05240511894226074
468,0.001,2108,54.072573902997924,1.2806722747985506,,,,,0.03404569625854492,0.018733739852905273,0.052779436111450195
469,0.001,2113,54.10147883346159,1.2799130352368244,,,,,1.329406499862671,0.04286050796508789,1.3722670078277588
470,0.001,2118,54.134120122981976,1.2790616163676138,,,,,0.09507942199707031,0.03985738754272461,0.13493680953979492
471,0.001,2122,54.15800121536493,1.2784384722478204,,,,,0.03276181221008301,0.01765608787536621,0.05041790008544922
472,0.001,2127,54.18573403237592,1.2776106983549336,,,,,0.04768180847167969,0.016860246658325195,0.06454205513000488
473,0.001,2132,54.22078013571498,1.2766906043713804,,,,,0.8067495822906494,0.01770806312561035,0.8244576454162598
474,0.001,2137,54.25401820185467,1.2758226540527111,,,,,0.2953462600708008,0.09375762939453125,0.38910388946533203
475,0.001,2142,54.28786841967498,1.274923445658635,,,,,0.057294607162475586,0.05361366271972656,0.11090826988220215
476,0.001,2147,54.32069434393023,1.2740762082987405,,,,,0.05362391471862793,0.022113323211669922,0.07573723793029785
477,0.001,2152,54.35720173721465,1.273113114987829,,,,,0.05236029624938965,0.022962331771850586,0.07532262802124023
478,0.001,2157,54.389544489244315,1.2722631992705729,,,,,0.05643200874328613,0.02244424819946289,0.07887625694274902
479,0.001,2162,54.41921133262446,1.271324926730552,,,,,0.05357074737548828,0.025348186492919922,0.0789189338684082
480,0.001,2167,54.452256690975084,1.2704922354710944,,,,,0.8320455551147461,0.08444046974182129,0.9164860248565674
481,0.001,2172,54.48445468323064,1.2696301063889737,,,,,0.05354619026184082,0.09167623519897461,0.14522242546081543
482,0.001,2177,54.51401790082809,1.2688473180778321,,,,,0.08033370971679688,0.02728724479675293,0.1076209545135498
483,0.001,2182,54.54894741091712,1.2679295291821964,,,,,0.047386884689331055,0.018646240234375,0.06603312492370605
484,0.001,2187,54.58048650548678,1.2670868722118087,,,,,0.05039668083190918,0.018103361129760742,0.06850004196166992
485,0.001,2192,54.611216032087555,1.2662890148587036,,,,,0.04837751388549805,0.017574071884155273,0.06595158576965332
486,0.001,2196,54.63445701489489,1.2655839367153867,,,,,0.05503582954406738,0.020114660263061523,0.0751504898071289
487,0.001,2201,54.66239338786441,1.2647908712614129,,,,,0.7725188732147217,0.10571479797363281,0.8782336711883545
488,0.001,2206,54.69184038809991,1.2639071720627797,,,,,0.042723655700683594,0.02982926368713379,0.07255291938781738
489,0.001,2212,54.727987837123216,1.2628871276301028,,,,,0.6677238941192627,0.02730083465576172,0.6950247287750244
490,0.001,2217,54.76057544285683,1.26205229181183,,,,,0.7148542404174805,0.08618330955505371,0.8010375499725342
491,0.001,2222,54.79373373088266,1.261175792996246,,,,,0.05270195007324219,0.016845226287841797,0.06954717636108398
492,0.001,2226,54.81686207616292,1.2605606911156697,,,,,0.05202341079711914,0.017498016357421875,0.06952142715454102
493,0.001,2231,54.84585265206883,1.2597030297836773,,,,,0.06570148468017578,0.020648717880249023,0.0863502025604248
494,0.001,2236,54.87563287624112,1.2588761588808461,,,,,1.2163050174713135,0.10003018379211426,1.3163352012634277
495,0.001,2241,54.9063716605356,1.2580557383367494,,,,,0.0745992660522461,0.07528162002563477,0.14988088607788086
496,0.001,2246,54.936814058916475,1.257301845857318,,,,,0.03860211372375488,0.047350168228149414,0.0859522819519043
497,0.001,2251,54.9642390576945,1.2565027191235403,,,,,0.057708740234375,0.01925373077392578,0.07696247100830078
498,0.001,2256,54.992865844130016,1.2557766514942579,,,,,0.8317649364471436,0.023381710052490234,0.8551466464996338
499,0.001,2261,55.02176143128472,1.2550107744983316,,,,,0.22335171699523926,0.019087791442871094,0.24243950843811035
500,0.001,2265,55.04660087719298,1.2543791524621823,,,,,0.08239865303039551,0.015990495681762695,0.0983891487121582
501,0.001,2271,55.08081470820635,1.253477914435178,,,,,0.059470176696777344,0.1083071231842041,0.16777729988098145
502,0.001,2275,55.106294014084504,1.252812899521419,,,,,0.059334754943847656,0.10566926002502441,0.16500401496887207
503,0.001,2281,55.14517519524666,1.2517999613666577,,,,,0.040534257888793945,0.053169965744018555,0.0937042236328125
504,0.001,2286,55.170055689317394,1.251041668189375,,,,,0.05097770690917969,0.016597747802734375,0.06757545471191406
505,0.001,2291,55.20210824098778,1.250192628813227,,,,,0.7460722923278809,0.025028467178344727,0.7711007595062256
506,0.001,2296,55.228195336568824,1.2494976257561392,,,,,0.054161787033081055,0.02492523193359375,0.0790870189666748
507,0.001,2301,55.26247767647335,1.2486071003255301,,,,,0.05243563652038574,0.035710811614990234,0.08814644813537598
508,0.001,2306,55.28966056833615,1.247899308322516,,,,,0.035099029541015625,0.01562643051147461,0.050725460052490234
509,0.001,2311,55.31869404886096,1.247110052575079,,,,,0.03467535972595215,0.09594249725341797,0.13061785697937012
510,0.001,2316,55.34615092003749,1.246392303823601,,,,,0.043070316314697266,0.09268808364868164,0.1357583999633789
511,0.001,2320,55.366626680704904,1.2458131314608558,,,,,0.0562283992767334,0.08866167068481445,0.14489006996154785
512,0.001,2326,55.401282651582186,1.2448780013893763,,,,,0.7096762657165527,0.019942522048950195,0.7296187877655029
513,0.001,2330,55.4194240090756,1.2443428271062384,,,,,0.03653430938720703,0.017793655395507812,0.054327964782714844
514,0.001,2335,55.445566210907344,1.2436099122372122,,,,,0.7098066806793213,0.026938438415527344,0.7367451190948486
515,0.001,2339,55.46557915791853,1.2430934022511617,,,,,0.7843806743621826,0.032538652420043945,0.8169193267822266
516,0.001,2344,55.49461393609859,1.242333972057385,,,,,0.33621931076049805,0.10743975639343262,0.44365906715393066
517,0.001,2349,55.51902491756096,1.241672486739242,,,,,0.04777693748474121,0.09493064880371094,0.14270758628845215
518,0.001,2354,55.54159632690292,1.2409925466892369,,,,,0.03973221778869629,0.03913426399230957,0.07886648178100586
519,0.001,2359,55.569986789018245,1.2402479637472648,,,,,1.1203999519348145,0.017210721969604492,1.137610673904419
520,0.001,2364,55.599673152779474,1.239450698576603,,,,,0.24446463584899902,0.11545228958129883,0.35991692543029785
521,0.001,2369,55.63037226272436,1.2386132519725206,,,,,0.03447270393371582,0.05863451957702637,0.09310722351074219
522,0.001,2374,55.65576938004772,1.237858628965569,,,,,0.04239082336425781,0.01706385612487793,0.05945467948913574
523,0.001,2379,55.686391389419306,1.2370349329627326,,,,,0.7383525371551514,0.017251014709472656,0.755603551864624
524,0.001,2384,55.71345819737412,1.2363259636565742,,,,,0.30878162384033203,0.06619501113891602,0.37497663497924805
525,0.001,2389,55.74017829298799,1.2356478106331856,,,,,0.06561756134033203,0.08617901802062988,0.15179657936096191
526,0.001,2394,55.77113385331446,1.2348389287690074,,,,,0.059534311294555664,0.02224421501159668,0.08177852630615234
527,0.001,2399,55.79799213347713,1.2341513843176612,,,,,0.06363248825073242,0.02933526039123535,0.09296774864196777
528,0.001,2404,55.82731802476869,1.2333850923324385,,,,,0.05151510238647461,0.04372835159301758,0.09524345397949219
529,0.001,2408,55.84539913631917,1.2328435388019314,,,,,0.04427599906921387,0.017987728118896484,0.06226372718811035
530,0.001,2413,55.871158047102725,1.232202521138205,,,,,0.7606961727142334,0.08281326293945312,0.8435094356536865
531,0.001,2417,55.89031936260051,1.2317271065159578,,,,,0.05346179008483887,0.06551241874694824,0.11897420883178711
532,0.001,2422,55.91278450619448,1.2311815692313341,,,,,0.05309724807739258,0.05935978889465332,0.1124570369720459
533,0.001,2427,55.937547441304794,1.2305314281029027,,,,,0.04136776924133301,0.01790785789489746,0.05927562713623047
534,0.001,2432,55.962617653451716,1.2298665631464438,,,,,0.035784006118774414,0.016572237014770508,0.05235624313354492
535,0.001,2437,55.98192948315479,1.2293075308185353,,,,,0.028618812561035156,0.016443490982055664,0.04506230354309082
536,0.001,2442,56.00850907492513,1.2285992311074243,,,,,0.7724242210388184,0.019617557525634766,0.7920417785644531
537,0.001,2447,56.03127424375841,1.2280397261216975,,,,,0.05977272987365723,0.021529674530029297,0.08130240440368652
538,0.001,2452,56.05777619128526,1.2272607336522705,,,,,0.7104527950286865,0.0217440128326416,0.7321968078613281
539,0.001,2457,56.07983964577301,1.226666780012043,,,,,0.47965264320373535,0.017201662063598633,0.496854305267334
540,0.001,2462,56.111674193716325,1.2258430948642867,,,,,0.7659730911254883,0.01698446273803711,0.7829575538635254
541,0.001,2467,56.137410057926594,1.2251724826936834,,,,,0.06070375442504883,0.01642131805419922,0.07712507247924805
542,0.001,2472,56.16822361769967,1.2243565069481392,,,,,0.12323975563049316,0.024324655532836914,0.14756441116333008
543,0.001,2477,56.19050814894835,1.223698976278594,,,,,0.7877964973449707,0.04492759704589844,0.8327240943908691
544,0.001,2482,56.21890597457271,1.222858940253423,,,,,0.06684064865112305,0.016690969467163086,0.08353161811828613
545,0.001,2488,56.2530393154576,1.221971075179301,,,,,0.9805128574371338,0.037735939025878906,1.0182487964630127
546,0.001,2493,56.284006472679124,1.221168694537278,,,,,0.048665761947631836,0.09875845909118652,0.14742422103881836
547,0.001,2499,56.316037992990154,1.220238446044464,,,,,0.056591033935546875,0.11008572578430176,0.16667675971984863
548,0.001,2504,56.34726404618432,1.2194194808221472,,,,,0.7761220932006836,0.024823665618896484,0.8009457588195801
549,0.001,2510,56.38259963927152,1.2184796746033597,,,,,0.0556638240814209,0.04585838317871094,0.10152220726013184
549,,2510,,,71.89,71.66527835793619,72.89969515905149,71.89,,,
