G,Iter,K,Original_Steps,Train_Acc,Train_Loss,final_test_accuracy,final_test_f1-score,final_test_precision,final_test_recall,m,time,time_comm,time_comm_per_iter,time_comp_per_iter,time_per_iter,time_step,upper_bound
,1,,1,6.25,2.320720911026001,,,,,,,,133.17159128189087,0.1586754322052002,133.33026671409607,,
,2,,2,7.03125,2.312288522720337,,,,,,,,0.10756134986877441,0.03408336639404297,0.14164471626281738,,
,3,,3,11.458333333333334,2.311061143875122,,,,,,,,0.10138487815856934,0.034677743911743164,0.1360626220703125,,
,4,,5,12.1875,2.3016505241394043,,,,,,,,0.10186982154846191,0.03360486030578613,0.13547468185424805,,
,5,,7,12.723214285714286,2.301544053213937,,,,,,,,0.10214018821716309,0.03460049629211426,0.13674068450927734,,
,6,,9,14.583333333333334,2.2957408163282604,,,,,,,,0.12115597724914551,0.03587174415588379,0.1570277214050293,,
,7,,11,15.056818181818182,2.2899519313465464,,,,,,,,0.10578489303588867,0.035069942474365234,0.1408548355102539,,
,8,,13,14.0625,2.288760753778311,,,,,,,,0.11593031883239746,0.03615164756774902,0.15208196640014648,,
,9,,16,13.671875,2.289379969239235,,,,,,,,0.13589024543762207,0.0462496280670166,0.18213987350463867,,
,10,,20,13.28125,2.2909149169921874,,,,,,,,0.10035896301269531,0.03449225425720215,0.13485121726989746,,
,11,,26,13.58173076923077,2.2926895251640906,,,,,,,,0.10448908805847168,0.03482556343078613,0.1393146514892578,,
,12,,33,14.820075757575758,2.2883975505828857,,,,,,,,0.10344243049621582,0.034570932388305664,0.13801336288452148,,
,13,,38,16.282894736842106,2.2762939741736963,,,,,,,,0.10641980171203613,0.03505396842956543,0.14147377014160156,,
,14,,40,16.71875,2.268341153860092,,,,,,,,0.11046600341796875,0.03538942337036133,0.14585542678833008,,
,15,,42,16.741071428571427,2.266572969300406,,,,,,,,0.1107950210571289,0.034139156341552734,0.14493417739868164,,
,16,,45,16.84027777777778,2.265648857752482,,,,,,,,0.11070632934570312,0.03445720672607422,0.14516353607177734,,
,17,,49,16.677295918367346,2.2654330097899145,,,,,,,,0.1093599796295166,0.03534221649169922,0.14470219612121582,,
,18,,56,17.103794642857142,2.2660596753869737,,,,,,,,0.11291289329528809,0.03401327133178711,0.1469261646270752,,
,19,,71,18.265845070422536,2.2546021468202833,,,,,,,,0.10751223564147949,0.03456473350524902,0.14207696914672852,,
,20,,77,18.425324675324674,2.2453555580857514,,,,,,,,0.1087806224822998,0.03565549850463867,0.14443612098693848,,
,21,,81,18.69212962962963,2.241988519091665,,,,,,,,0.10840201377868652,0.03482246398925781,0.14322447776794434,,
,22,,84,18.936011904761905,2.2389899165857408,,,,,,,,0.12086176872253418,0.03496813774108887,0.15582990646362305,,
,23,,88,18.998579545454547,2.2366132099520075,,,,,,,,0.10877799987792969,0.03426027297973633,0.14303827285766602,,
,24,,93,19.388440860215052,2.231775467113782,,,,,,,,0.11076951026916504,0.0338289737701416,0.14459848403930664,,
,25,,99,19.602272727272727,2.2286451188000767,,,,,,,,0.12114644050598145,0.034549713134765625,0.15569615364074707,,
,26,,104,19.951923076923077,2.222416791778344,,,,,,,,0.11119985580444336,0.034095048904418945,0.1452949047088623,,
,27,,107,20.04964953271028,2.2206988011565163,,,,,,,,0.11355257034301758,0.03429293632507324,0.14784550666809082,,
,28,,111,20.15765765765766,2.2187457353145152,,,,,,,,0.12621760368347168,0.0356602668762207,0.16187787055969238,,
,29,,122,20.914446721311474,2.212113889514423,,,,,,,,0.11214208602905273,0.034507036209106445,0.14664912223815918,,
,30,,132,21.259469696969695,2.2009098304040506,,,,,,,,0.10765910148620605,0.03420734405517578,0.14186644554138184,,
,31,,137,21.43020072992701,2.1968032469714647,,,,,,,,0.11271357536315918,0.03475236892700195,0.14746594429016113,,
,32,,140,21.595982142857142,2.1927944890090396,,,,,,,,0.11423134803771973,0.03406262397766113,0.14829397201538086,,
,33,,142,21.621919014084508,2.1912060144921424,,,,,,,,0.10948681831359863,0.03199005126953125,0.14147686958312988,,
,34,,145,21.767241379310345,2.1891487705296484,,,,,,,,0.10982131958007812,0.03485250473022461,0.14467382431030273,,
,35,,149,21.91694630872483,2.1870041957637607,,,,,,,,0.11146283149719238,0.036135196685791016,0.1475980281829834,,
,36,,156,21.935096153846153,2.18305310072043,,,,,,,,0.11872100830078125,0.02942681312561035,0.1481478214263916,,
,37,,166,21.88441265060241,2.180651272635862,,,,,,,,0.07273244857788086,0.030037641525268555,0.10277009010314941,,
,38,,176,21.88387784090909,2.1761296459219674,,,,,,,,0.10006117820739746,0.03354215621948242,0.13360333442687988,,
,39,,187,22.00868983957219,2.172908041566451,,,,,,,,0.09576988220214844,0.029801607131958008,0.12557148933410645,,
,40,,198,22.275031685678073,2.165342789105695,,,,,,,,0.23689913749694824,0.03535318374633789,0.27225232124328613,,
,41,,206,22.3431790499391,2.1605795442479327,,,,,,,,0.11243891716003418,0.0373384952545166,0.14977741241455078,,
,42,,214,22.648007033997654,2.1541013929331414,,,,,,,,0.11330008506774902,0.03631186485290527,0.1496119499206543,,
,43,,219,22.644616265750287,2.151643539128238,,,,,,,,0.1115875244140625,0.04036712646484375,0.15195465087890625,,
,44,,223,22.65888638920135,2.1500676560295005,,,,,,,,0.11266398429870605,0.03428840637207031,0.14695239067077637,,
,45,,226,22.745560488346282,2.1475013578887534,,,,,,,,0.11853718757629395,0.03914928436279297,0.15768647193908691,,
,46,,230,22.791712104689203,2.146225092722022,,,,,,,,0.11805200576782227,0.033861398696899414,0.15191340446472168,,
,47,,241,23.042403746097815,2.1431595705356834,,,,,,,,0.1091156005859375,0.03503584861755371,0.1441514492034912,,
,48,,249,23.187311178247736,2.1391644243255676,,,,,,,,0.10985422134399414,0.03404355049133301,0.14389777183532715,,
,49,,255,23.2055063913471,2.1397308690875185,,,,,,,,0.1214749813079834,0.03968954086303711,0.1611645221710205,,
,50,,259,23.27565343659245,2.1378016292358457,,,,,,,,0.11089897155761719,0.03445887565612793,0.14535784721374512,,
,51,,262,23.163875598086126,2.1389957416148584,,,,,,,,0.11058568954467773,0.03404808044433594,0.14463376998901367,,
,52,,266,23.191564561734214,2.139536223465339,,,,,,,,0.10916972160339355,0.034212589263916016,0.14338231086730957,,
,53,,279,23.523135669362084,2.1364576530285633,,,,,,,,0.11293959617614746,0.034323930740356445,0.1472635269165039,,
,54,,287,23.558951965065503,2.1342949152823523,,,,,,,,0.11234021186828613,0.0393824577331543,0.15172266960144043,,
,55,,294,23.651960784313726,2.133046105605404,,,,,,,,0.10705924034118652,0.03775167465209961,0.14481091499328613,,
,56,,304,23.70671887881286,2.131296845643144,,,,,,,,0.1102900505065918,0.03467679023742676,0.14496684074401855,,
,57,,317,23.868577075098813,2.1290942411693488,,,,,,,,0.10996198654174805,0.03386807441711426,0.1438300609588623,,
,58,,326,24.034396617986165,2.1250785658695945,,,,,,,,0.11934900283813477,0.03528571128845215,0.15463471412658691,,
,59,,335,24.238032909498877,2.1195801023227063,,,,,,,,0.8344290256500244,0.0327455997467041,0.8671746253967285,,
,60,,344,24.35360524399126,2.115735649369484,,,,,,,,0.059758663177490234,0.03399848937988281,0.09375715255737305,,
,61,,354,24.579794762915782,2.1093978696623763,,,,,,,,0.06360006332397461,0.033428192138671875,0.09702825546264648,,
,62,,366,24.777549623545518,2.102891584563125,,,,,,,,0.05670809745788574,0.033458709716796875,0.09016680717468262,,
,63,,375,24.929024716098866,2.0991210355758665,,,,,,,,0.05548501014709473,0.03395271301269531,0.08943772315979004,,
,64,,384,25.20792563600783,2.092882428318262,,,,,,,,0.058632612228393555,0.03489995002746582,0.09353256225585938,,
,65,,398,25.420862177470106,2.087872515970738,,,,,,,,0.09144425392150879,0.035208702087402344,0.12665295600891113,,
,66,,409,25.493723208818125,2.085118351180862,,,,,,,,0.062006235122680664,0.03351593017578125,0.09552216529846191,,
,67,,424,25.823242764323687,2.076640927004364,,,,,,,,0.0574040412902832,0.033429622650146484,0.09083366394042969,,
,68,,439,26.190815744438105,2.065948276965113,,,,,,,,0.0549311637878418,0.033162832260131836,0.08809399604797363,,
,69,,452,26.54432132963989,2.0561509978982198,,,,,,,,0.054717063903808594,0.034142255783081055,0.08885931968688965,,
,70,,461,26.63633894622488,2.051571951253812,,,,,,,,0.05666780471801758,0.03340959548950195,0.09007740020751953,,
,71,,471,26.777644869750134,2.0486924061096903,,,,,,,,0.05778908729553223,0.03358960151672363,0.09137868881225586,,
,72,,489,27.14093701996928,2.0398787674484566,,,,,,,,0.06063413619995117,0.03704667091369629,0.09768080711364746,,
,73,,500,27.356659989984976,2.0336923027038574,,,,,,,,0.05785250663757324,0.033928632736206055,0.0917811393737793,,
,74,,510,27.525159548355425,2.0275789686277803,,,,,,,,0.05608248710632324,0.033739328384399414,0.08982181549072266,,
,75,,523,27.722594542843467,2.0222056846545713,,,,,,,,0.0911250114440918,0.0487978458404541,0.1399228572845459,,
,76,,535,27.9012634534394,2.017211519000686,,,,,,,,0.05966329574584961,0.034960031509399414,0.09462332725524902,,
,77,,542,27.956120092378754,2.0150915212736797,,,,,,,,0.05918741226196289,0.03624606132507324,0.09543347358703613,,
,78,,551,28.126419809177648,2.0110601768735967,,,,,,,,0.05817723274230957,0.04038119316101074,0.09855842590332031,,
,79,,565,28.26761187416925,2.007010734186763,,,,,,,,0.0618135929107666,0.03429985046386719,0.09611344337463379,,
,80,,581,28.514110297285654,2.0001119488077608,,,,,,,,0.09795737266540527,0.03747153282165527,0.13542890548706055,,
,81,,589,28.654908627284318,1.9970310643087623,,,,,,,,0.06327581405639648,0.04111957550048828,0.10439538955688477,,
,82,,597,28.692348008385743,1.998418728310858,,,,,,,,0.06053590774536133,0.03451132774353027,0.0950472354888916,,
,83,,607,28.672680412371133,1.9978096343736476,,,,,,,,0.05811166763305664,0.03406786918640137,0.09217953681945801,,
,84,,617,28.643509127789045,1.9992417500896238,,,,,,,,0.05914592742919922,0.03354811668395996,0.09269404411315918,,
,85,,627,28.650199600798402,1.9994170950930654,,,,,,,,0.06068110466003418,0.03416085243225098,0.09484195709228516,,
,86,,647,28.73065764023211,1.9971052113419523,,,,,,,,0.05733156204223633,0.036376953125,0.09370851516723633,,
,87,,667,29.02204502814259,1.9912306022072124,,,,,,,,0.09866952896118164,0.04013705253601074,0.13880658149719238,,
,88,,681,29.189636163175305,1.986204872747525,,,,,,,,0.05656576156616211,0.03309345245361328,0.08965921401977539,,
,89,,692,29.371609403254972,1.9807965457439423,,,,,,,,0.05921196937561035,0.03428339958190918,0.09349536895751953,,
,90,,701,29.41360228489825,1.9791220166373695,,,,,,,,0.05509328842163086,0.03472638130187988,0.08981966972351074,,
,91,,719,29.568395405499476,1.975802976498186,,,,,,,,0.06993699073791504,0.03410744667053223,0.10404443740844727,,
,92,,736,29.800663039782386,1.9709858926741972,,,,,,,,0.05751204490661621,0.03544306755065918,0.09295511245727539,,
,93,,756,30.012826878517046,1.9643420025154397,,,,,,,,0.06751537322998047,0.03533172607421875,0.10284709930419922,,
,94,,772,30.293760129659642,1.9572787391398236,,,,,,,,0.05438876152038574,0.0340723991394043,0.08846116065979004,,
,95,,781,30.36686959307914,1.9555426474264734,,,,,,,,0.05292487144470215,0.035506248474121094,0.08843111991882324,,
,96,,791,30.467019930401772,1.952233191386487,,,,,,,,0.05218911170959473,0.03529667854309082,0.08748579025268555,,
,97,,805,30.591389493316754,1.9479763041371885,,,,,,,,0.053668975830078125,0.03423929214477539,0.08790826797485352,,
,98,,819,30.66758325695081,1.9446273633120843,,,,,,,,0.055234670639038086,0.033776044845581055,0.08901071548461914,,
,99,,837,30.875972471573906,1.9369073140578459,,,,,,,,0.09677958488464355,0.03547787666320801,0.13225746154785156,,
,100,,851,31.040317834020012,1.9320302457843068,,,,,,,,0.0602726936340332,0.033852338790893555,0.09412503242492676,,
,101,,862,31.210052295177224,1.9277617599460752,,,,,,,,0.05564165115356445,0.03306126594543457,0.08870291709899902,,
,102,,873,31.321715433161216,1.9254218182886043,,,,,,,,0.05342578887939453,0.03500962257385254,0.08843541145324707,,
,103,,881,31.365477544059125,1.923987542730455,,,,,,,,0.055320024490356445,0.0352787971496582,0.09059882164001465,,
,104,,891,31.488898257448003,1.9211405048734278,,,,,,,,0.060129404067993164,0.03505873680114746,0.09518814086914062,,
,105,,910,31.667927903137038,1.9166264875904544,,,,,,,,0.06034111976623535,0.035279035568237305,0.09562015533447266,,
,106,,924,31.81571815718157,1.912501653164496,,,,,,,,0.0605466365814209,0.03461456298828125,0.09516119956970215,,
,107,,941,31.966804151144224,1.9079834906885145,,,,,,,,0.05655956268310547,0.03406381607055664,0.09062337875366211,,
,108,,961,32.12773579989578,1.9031733123122343,,,,,,,,0.05872607231140137,0.03450822830200195,0.09323430061340332,,
,109,,979,32.28740409207161,1.8979898312483916,,,,,,,,0.05910325050354004,0.035146236419677734,0.09424948692321777,,
,110,,998,32.53888610135474,1.8907964572400033,,,,,,,,0.06001687049865723,0.033869028091430664,0.09388589859008789,,
,111,,1014,32.70061728395062,1.88544971832392,,,,,,,,0.06137824058532715,0.03452873229980469,0.09590697288513184,,
,112,,1031,32.90280475959204,1.8804283882089314,,,,,,,,0.05558180809020996,0.033965110778808594,0.08954691886901855,,
,113,,1048,33.031235069278544,1.877233795764792,,,,,,,,0.05811285972595215,0.035408973693847656,0.0935218334197998,,
,114,,1064,33.095588235294116,1.8740212521830897,,,,,,,,0.06218147277832031,0.03466463088989258,0.09684610366821289,,
,115,,1081,33.23008337193145,1.8691834806844552,,,,,,,,0.05908966064453125,0.034941911697387695,0.09403157234191895,,
,116,,1098,33.42168262653899,1.8642252925749467,,,,,,,,0.057730674743652344,0.034487009048461914,0.09221768379211426,,
,117,,1111,33.590581342947274,1.8601888040504833,,,,,,,,0.059090614318847656,0.036687374114990234,0.09577798843383789,,
,118,,1123,33.65888319215337,1.8582407739262228,,,,,,,,0.059662818908691406,0.03778886795043945,0.09745168685913086,,
,119,,1142,33.76945418676019,1.8554240917157376,,,,,,,,0.0602264404296875,0.0356905460357666,0.0959169864654541,,
,120,,1160,33.998705222270175,1.850497421725043,,,,,,,,0.05881786346435547,0.035891056060791016,0.09470891952514648,,
,121,,1177,34.13972777541472,1.8462948353491098,,,,,,,,0.059278249740600586,0.037394046783447266,0.09667229652404785,,
,122,,1189,34.213157894736845,1.844398035333375,,,,,,,,0.06448936462402344,0.03433346748352051,0.09882283210754395,,
,123,,1200,34.275917813934086,1.8425996390978496,,,,,,,,0.06542778015136719,0.034484148025512695,0.09991192817687988,,
,124,,1209,34.333592132505174,1.8411902276024137,,,,,,,,0.06353354454040527,0.03435206413269043,0.0978856086730957,,
,125,,1229,34.51247454175153,1.8372718038551201,,,,,,,,0.10152816772460938,0.03371739387512207,0.13524556159973145,,
,126,,1244,34.66046277665996,1.8334357442388198,,,,,,,,0.056648969650268555,0.035066843032836914,0.09171581268310547,,
,127,,1253,34.720834998002395,1.832184405014787,,,,,,,,0.05660843849182129,0.036917924880981445,0.09352636337280273,,
,128,,1263,34.79984145858106,1.8295943342497305,,,,,,,,0.058645009994506836,0.03392791748046875,0.09257292747497559,,
,129,,1281,34.946512309495894,1.824746868649467,,,,,,,,0.060286760330200195,0.03415703773498535,0.09444379806518555,,
,130,,1293,35.024680603948894,1.8225483245289058,,,,,,,,0.061300039291381836,0.034033775329589844,0.09533381462097168,,
,131,,1307,35.117052853312906,1.819960048112964,,,,,,,,0.05366349220275879,0.034923553466796875,0.08858704566955566,,
,132,,1326,35.19724424311061,1.8166244613459028,,,,,,,,0.055509090423583984,0.03343844413757324,0.08894753456115723,,
,133,,1345,35.375186081131375,1.811814223168951,,,,,,,,0.05247378349304199,0.03385519981384277,0.08632898330688477,,
,134,,1361,35.47604817947775,1.8083644586832186,,,,,,,,0.053056955337524414,0.03375506401062012,0.08681201934814453,,
,135,,1375,35.60475063705861,1.804678396918557,,,,,,,,0.05379796028137207,0.034368276596069336,0.0881662368774414,,
,136,,1391,35.73807380738074,1.8006860861068659,,,,,,,,0.12053251266479492,0.03410959243774414,0.15464210510253906,,
,137,,1409,35.89723653811978,1.7956697012702991,,,,,,,,0.06233072280883789,0.03502821922302246,0.09735894203186035,,
,138,,1428,36.0665439242504,1.790460230339141,,,,,,,,0.06981658935546875,0.040170907974243164,0.10998749732971191,,
,139,,1440,36.16327595200835,1.7880322746932507,,,,,,,,0.7435731887817383,0.03390192985534668,0.777475118637085,,
,140,,1447,36.18921958816404,1.7883142971877155,,,,,,,,0.0444185733795166,0.035452842712402344,0.07987141609191895,,
,141,,1456,36.24140154772141,1.7868329392193438,,,,,,,,0.04460453987121582,0.034122467041015625,0.07872700691223145,,
,142,,1468,36.310336005457955,1.785028505146666,,,,,,,,0.05946803092956543,0.034424543380737305,0.09389257431030273,,
,143,,1487,36.40659201885839,1.7829257767715145,,,,,,,,0.04934191703796387,0.03545022010803223,0.0847921371459961,,
,144,,1505,36.5382215937448,1.779038956157393,,,,,,,,0.050293922424316406,0.03435635566711426,0.08465027809143066,,
,145,,1522,36.65076492844218,1.775549104273241,,,,,,,,0.043187618255615234,0.03505659103393555,0.07824420928955078,,
,146,,1537,36.77919856654178,1.771981317576605,,,,,,,,0.04111838340759277,0.0349736213684082,0.07609200477600098,,
,147,,1553,36.916612929227796,1.7682242378141522,,,,,,,,0.04380464553833008,0.03650689125061035,0.08031153678894043,,
,148,,1570,37.01861744538351,1.7650670129782076,,,,,,,,0.04604315757751465,0.03467583656311035,0.080718994140625,,
,149,,1587,37.13716674554346,1.76168374107856,,,,,,,,0.04279351234436035,0.042133331298828125,0.08492684364318848,,
,150,,1604,37.26100358982363,1.7581270915314444,,,,,,,,0.04741525650024414,0.035581350326538086,0.08299660682678223,,
,151,,1621,37.414092664092664,1.754050258278185,,,,,,,,0.04438185691833496,0.03499102592468262,0.07937288284301758,,
,152,,1636,37.53156082631982,1.75015023481875,,,,,,,,0.04435849189758301,0.03446531295776367,0.07882380485534668,,
,153,,1651,37.63646702047005,1.7473918434925184,,,,,,,,0.04307365417480469,0.03491640090942383,0.07799005508422852,,
,154,,1664,37.70780051150895,1.7455673467081327,,,,,,,,0.04178190231323242,0.03678631782531738,0.0785682201385498,,
,155,,1684,37.893934889252264,1.7411771516477128,,,,,,,,0.044295549392700195,0.03641629219055176,0.08071184158325195,,
,156,,1697,37.98679746275262,1.7382582259585595,,,,,,,,0.04152703285217285,0.03881573677062988,0.08034276962280273,,
,157,,1710,38.04805299370517,1.7359541073877212,,,,,,,,0.045043230056762695,0.035315752029418945,0.08035898208618164,,
,158,,1721,38.1,1.734920708818674,,,,,,,,0.052846431732177734,0.035321950912475586,0.08816838264465332,,
,159,,1738,38.17604061644822,1.7326861853155087,,,,,,,,0.04076957702636719,0.03746151924133301,0.0782310962677002,,
,160,,1753,38.25414108239326,1.7302325325425665,,,,,,,,0.04279136657714844,0.03685116767883301,0.07964253425598145,,
,161,,1771,38.378975265017665,1.7270959262993295,,,,,,,,0.041638851165771484,0.03633618354797363,0.07797503471374512,,
,162,,1789,38.52140758360151,1.7232880443751046,,,,,,,,0.04052138328552246,0.0365140438079834,0.07703542709350586,,
,163,,1805,38.65361947025378,1.719566158442616,,,,,,,,0.04058122634887695,0.03652524948120117,0.07710647583007812,,
,164,,1823,38.804407524371825,1.7154206884999361,,,,,,,,0.040791988372802734,0.037932634353637695,0.07872462272644043,,
,165,,1837,38.92986101648726,1.712221680352009,,,,,,,,0.042716264724731445,0.03708314895629883,0.07979941368103027,,
,166,,1854,39.039084649655734,1.7086484307481504,,,,,,,,0.04332923889160156,0.03550267219543457,0.07883191108703613,,
,167,,1871,39.1680602006689,1.704811169335321,,,,,,,,0.048451900482177734,0.03406977653503418,0.08252167701721191,,
,168,,1885,39.255244987385474,1.7022336435570957,,,,,,,,0.04400944709777832,0.035727500915527344,0.07973694801330566,,
,169,,1898,39.34046551496769,1.6999888673220596,,,,,,,,0.04233145713806152,0.03637576103210449,0.07870721817016602,,
,170,,1911,39.41633922724296,1.6978596088962365,,,,,,,,0.042963266372680664,0.0376889705657959,0.08065223693847656,,
,171,,1923,39.49466354288689,1.6956488484215502,,,,,,,,0.04344034194946289,0.03859305381774902,0.08203339576721191,,
,172,,1935,39.559080325960416,1.6935573740522991,,,,,,,,0.04404878616333008,0.03722238540649414,0.08127117156982422,,
,173,,1946,39.618167202572344,1.6921826964292104,,,,,,,,0.040386199951171875,0.03690147399902344,0.07728767395019531,,
,174,,1960,39.702783807942794,1.6899947419458505,,,,,,,,0.04347038269042969,0.034952640533447266,0.07842302322387695,,
,175,,1977,39.76136219774655,1.6876356676484698,,,,,,,,0.043477773666381836,0.03634023666381836,0.0798180103302002,,
,176,,1996,39.89811912225705,1.6837454227383486,,,,,,,,0.048958778381347656,0.03784990310668945,0.08680868148803711,,
,177,,2013,40.02626507522069,1.6801670890392146,,,,,,,,0.03993844985961914,0.04530024528503418,0.08523869514465332,,
,178,,2027,40.114520311149526,1.6772710236646768,,,,,,,,0.04259037971496582,0.03737378120422363,0.07996416091918945,,
,179,,2039,40.17966736221922,1.6754998377925803,,,,,,,,0.04116392135620117,0.03735804557800293,0.0785219669342041,,
,180,,2049,40.21695981433981,1.6746059126130193,,,,,,,,0.044193267822265625,0.036367177963256836,0.08056044578552246,,
,181,,2058,40.249148729174266,1.6741226559361864,,,,,,,,0.04478120803833008,0.03595924377441406,0.08074045181274414,,
,182,,2067,40.27727327763652,1.6735020844787576,,,,,,,,0.0445249080657959,0.03563690185546875,0.08016180992126465,,
,183,,2076,40.299125979505725,1.6731069857444836,,,,,,,,0.04324078559875488,0.03808760643005371,0.0813283920288086,,
,184,,2087,40.32782707758724,1.6723074987852007,,,,,,,,0.04215598106384277,0.03722357749938965,0.07937955856323242,,
,185,,2106,40.44266191325015,1.6695061721693076,,,,,,,,0.047115325927734375,0.03678154945373535,0.08389687538146973,,
,186,,2121,40.53761061946903,1.666962785914168,,,,,,,,0.06485629081726074,0.03671693801879883,0.10157322883605957,,
,187,,2130,40.571760075196806,1.6661063531754723,,,,,,,,0.04320168495178223,0.03520917892456055,0.07841086387634277,,
,188,,2140,40.63779090164893,1.6645122904643834,,,,,,,,0.040517568588256836,0.035483360290527344,0.07600092887878418,,
,189,,2152,40.684236539132456,1.6630979302204232,,,,,,,,0.04157900810241699,0.04291725158691406,0.08449625968933105,,
,190,,2166,40.748844598497975,1.6610101360143166,,,,,,,,0.0429379940032959,0.037279367446899414,0.08021736145019531,,
,191,,2183,40.843889716840536,1.6581170481932146,,,,,,,,0.0421757698059082,0.03710150718688965,0.07927727699279785,,
,192,,2198,40.913554594102244,1.6560443315427882,,,,,,,,0.0415349006652832,0.03545022010803223,0.07698512077331543,,
,193,,2216,41.02272727272727,1.6530040428311386,,,,,,,,0.04151725769042969,0.03682732582092285,0.07834458351135254,,
,194,,2230,41.10719896756817,1.6503383176743718,,,,,,,,0.041094303131103516,0.03969621658325195,0.08079051971435547,,
,195,,2244,41.16884203480589,1.6477735094101884,,,,,,,,0.11488151550292969,0.034200429916381836,0.14908194541931152,,
,196,,2260,41.262599689853786,1.645133891939062,,,,,,,,0.04282045364379883,0.03590798377990723,0.07872843742370605,,
,197,,2276,41.37084799824021,1.6421772436957367,,,,,,,,0.043554067611694336,0.03802299499511719,0.08157706260681152,,
,198,,2291,41.46429742132867,1.6398439423479092,,,,,,,,0.04332685470581055,0.03467607498168945,0.0780029296875,,
,199,,2305,41.54878909643788,1.6374964374265029,,,,,,,,0.04292106628417969,0.03780078887939453,0.08072185516357422,,
,200,,2319,41.63225928324698,1.6351134649069468,,,,,,,,0.0425715446472168,0.03878378868103027,0.08135533332824707,,
,201,,2330,41.6879297378599,1.6333382035529664,,,,,,,,0.04278159141540527,0.035784244537353516,0.07856583595275879,,
,202,,2343,41.75747863247863,1.6312840815746423,,,,,,,,0.06581401824951172,0.034650564193725586,0.1004645824432373,,
,203,,2358,41.84049893842887,1.629022078811364,,,,,,,,0.040724754333496094,0.035147905349731445,0.07587265968322754,,
,204,,2374,41.916649093209614,1.6266560502281286,,,,,,,,0.041008710861206055,0.03644299507141113,0.07745170593261719,,
,205,,2390,42.0245077503142,1.6236096148211587,,,,,,,,0.04345250129699707,0.03408193588256836,0.07753443717956543,,
,206,,2404,42.109407538525616,1.621097445041685,,,,,,,,0.05271267890930176,0.03505063056945801,0.08776330947875977,,
,207,,2416,42.165483837546624,1.619198449646795,,,,,,,,0.0433964729309082,0.034853458404541016,0.07824993133544922,,
,208,,2430,42.22419653893696,1.617404006047504,,,,,,,,0.04868507385253906,0.03865766525268555,0.08734273910522461,,
,209,,2443,42.28867827868852,1.6158471373178604,,,,,,,,0.045735836029052734,0.04245257377624512,0.08818840980529785,,
,210,,2458,42.36188900203666,1.613829241257746,,,,,,,,0.04472851753234863,0.036949872970581055,0.08167839050292969,,
,211,,2472,42.436841838801136,1.6116635742986087,,,,,,,,0.04421257972717285,0.03471255302429199,0.07892513275146484,,
,212,,2486,42.51220801449859,1.6095069009070424,,,,,,,,0.041330575942993164,0.035071611404418945,0.07640218734741211,,
,213,,2499,42.57937700320513,1.6072808909578389,,,,,,,,0.04025149345397949,0.0346987247467041,0.0749502182006836,,
,214,,2511,42.63294956140351,1.6057070035566043,,,,,,,,0.0415194034576416,0.03591489791870117,0.07743430137634277,,
,215,,2524,42.70378817929393,1.6037399324392176,,,,,,,,0.0604250431060791,0.04226255416870117,0.10268759727478027,,
,216,,2540,42.795378399684665,1.6010585531475037,,,,,,,,0.0513916015625,0.034911155700683594,0.0863027572631836,,
,217,,2554,42.89004312034496,1.5986714031001787,,,,,,,,0.041535139083862305,0.036687374114990234,0.07822251319885254,,
,218,,2567,42.95534321372855,1.5967424572744766,,,,,,,,0.04299283027648926,0.035187482833862305,0.07818031311035156,,
,219,,2580,43.03150465657742,1.5945324236801428,,,,,,,,0.041153669357299805,0.03596997261047363,0.07712364196777344,,
,220,,2594,43.10714974913161,1.5921897886575143,,,,,,,,0.04503512382507324,0.03866004943847656,0.0836951732635498,,
,221,,2607,43.1619623655914,1.5903322806201037,,,,,,,,0.05198955535888672,0.03384590148925781,0.08583545684814453,,
,222,,2621,43.235532849503436,1.5881001771019416,,,,,,,,0.05654740333557129,0.03720808029174805,0.09375548362731934,,
,223,,2633,43.30026140684411,1.5864783814321939,,,,,,,,0.04261183738708496,0.03873872756958008,0.08135056495666504,,
,224,,2646,43.36986852062051,1.5847247407369693,,,,,,,,0.7023510932922363,0.03616762161254883,0.7385187149047852,,
,225,,2659,43.44879518072289,1.5829706926819256,,,,,,,,0.036911725997924805,0.03739666938781738,0.07430839538574219,,
,226,,2673,43.526451310861425,1.5812295248924995,,,,,,,,0.03428196907043457,0.05279088020324707,0.08707284927368164,,
,227,,2688,43.619646182495345,1.578457856506464,,,,,,,,0.033794403076171875,0.03800821304321289,0.07180261611938477,,
,228,,2701,43.7013528539659,1.5763437826957407,,,,,,,,0.03436470031738281,0.03759908676147461,0.07196378707885742,,
,229,,2713,43.77190959409594,1.574564960250721,,,,,,,,0.03371262550354004,0.03722977638244629,0.07094240188598633,,
,230,,2724,43.83728408673282,1.57288897170982,,,,,,,,0.034624338150024414,0.03745770454406738,0.0720820426940918,,
,231,,2736,43.88835528723015,1.571376730453724,,,,,,,,0.03519153594970703,0.03555607795715332,0.07074761390686035,,
,232,,2750,43.95590644339279,1.5693653715307063,,,,,,,,0.03563261032104492,0.037642717361450195,0.07327532768249512,,
,233,,2763,44.00022644927536,1.5679833213790275,,,,,,,,0.034180402755737305,0.03784990310668945,0.07203030586242676,,
,234,,2776,44.04976559682654,1.5665209597400698,,,,,,,,0.03258466720581055,0.03550267219543457,0.06808733940124512,,
,235,,2791,44.11148224533716,1.564680109652769,,,,,,,,0.04038572311401367,0.03684186935424805,0.07722759246826172,,
,236,,2806,44.18703175169461,1.5625790740580365,,,,,,,,0.03642129898071289,0.03690147399902344,0.07332277297973633,,
,237,,2817,44.22585732054016,1.561709478576851,,,,,,,,0.0327906608581543,0.0411527156829834,0.0739433765411377,,
,238,,2826,44.25256818986893,1.5610276594156924,,,,,,,,0.0399622917175293,0.0378117561340332,0.0777740478515625,,
,239,,2836,44.29436551358983,1.5599359824770092,,,,,,,,0.03230166435241699,0.03595781326293945,0.06825947761535645,,
,240,,2849,44.34458450456781,1.5584842348860288,,,,,,,,0.03472638130187988,0.03699183464050293,0.07171821594238281,,
,241,,2864,44.42557235232436,1.5562173583903791,,,,,,,,0.04100298881530762,0.03502678871154785,0.07602977752685547,,
,242,,2877,44.48177627000696,1.5544703257427805,,,,,,,,0.03175973892211914,0.03675961494445801,0.06851935386657715,,
,243,,2891,44.55613746537396,1.5523121507470479,,,,,,,,0.03328394889831543,0.04523921012878418,0.07852315902709961,,
,244,,2904,44.62362116511548,1.5504046657197075,,,,,,,,0.03318381309509277,0.038253068923950195,0.07143688201904297,,
,245,,2917,44.693719972546326,1.5484222404998502,,,,,,,,0.034487009048461914,0.03757977485656738,0.0720667839050293,,
,246,,2928,44.75373931623932,1.5466251058778802,,,,,,,,0.03538870811462402,0.037877798080444336,0.07326650619506836,,
,247,,2940,44.82252298263534,1.5449961176940372,,,,,,,,0.03203225135803223,0.0384521484375,0.07048439979553223,,
,248,,2952,44.88067989148864,1.5435567173733298,,,,,,,,0.032913923263549805,0.03849959373474121,0.07141351699829102,,
,249,,2964,44.93783772374198,1.5419554080356632,,,,,,,,0.03311967849731445,0.03854727745056152,0.07166695594787598,,
,250,,2977,45.01513113651647,1.5400250963328628,,,,,,,,0.03627729415893555,0.03815507888793945,0.074432373046875,,
,251,,2990,45.07762805490459,1.5381438887039554,,,,,,,,0.03639340400695801,0.042986154556274414,0.07937955856323242,,
,252,,3003,45.1390625,1.536301164836674,,,,,,,,0.03190112113952637,0.03597855567932129,0.06787967681884766,,
,253,,3016,45.20878277464321,1.534253299927996,,,,,,,,0.03236246109008789,0.035151004791259766,0.06751346588134766,,
,254,,3028,45.263429752066116,1.5326929792190953,,,,,,,,0.03161430358886719,0.03798031806945801,0.0695946216583252,,
,255,,3041,45.32638660302831,1.5309194495551721,,,,,,,,0.035506248474121094,0.03723001480102539,0.07273626327514648,,
,256,,3054,45.39802523762701,1.529160502617392,,,,,,,,0.037165164947509766,0.03297567367553711,0.07014083862304688,,
,257,,3066,45.46145527260855,1.5274490315931262,,,,,,,,0.0692281723022461,0.036901235580444336,0.10612940788269043,,
,258,,3079,45.5207656046814,1.5258939401713931,,,,,,,,0.034490346908569336,0.03484749794006348,0.06933784484863281,,
,259,,3092,45.583623340887016,1.524075740714585,,,,,,,,0.031133413314819336,0.03564882278442383,0.06678223609924316,,
,260,,3106,45.657428295198194,1.5221030870062724,,,,,,,,0.03028702735900879,0.0437159538269043,0.07400298118591309,,
,261,,3119,45.730202984595635,1.5201566903856405,,,,,,,,0.030519485473632812,0.03692817687988281,0.06744766235351562,,
,262,,3132,45.8008748801534,1.5182814578101096,,,,,,,,0.032515764236450195,0.03695392608642578,0.06946969032287598,,
,263,,3144,45.85224106360958,1.5166767233503988,,,,,,,,0.13447141647338867,0.03545880317687988,0.16993021965026855,,
,264,,3156,45.918589896105956,1.514932279483296,,,,,,,,0.02996826171875,0.03647923469543457,0.06644749641418457,,
,265,,3169,45.99853881999842,1.512795119922821,,,,,,,,0.03705739974975586,0.03581690788269043,0.07287430763244629,,
,266,,3180,46.05076741440378,1.5114157191237563,,,,,,,,0.03775191307067871,0.039890289306640625,0.07764220237731934,,
,267,,3193,46.11634788743435,1.5095874323316252,,,,,,,,0.030376672744750977,0.03684830665588379,0.06722497940063477,,
,268,,3205,46.17581023037876,1.507919007270087,,,,,,,,0.031156301498413086,0.035302162170410156,0.06645846366882324,,
,269,,3215,46.21992290920417,1.506878725718562,,,,,,,,0.03677868843078613,0.0395357608795166,0.07631444931030273,,
,270,,3224,46.255726820934925,1.5060623779005506,,,,,,,,0.10131716728210449,0.0361630916595459,0.1374802589416504,,
,271,,3233,46.301010531206444,1.5048145161226665,,,,,,,,0.03400468826293945,0.037962913513183594,0.07196760177612305,,
,272,,3243,46.35923266944573,1.5032719601240931,,,,,,,,0.037325143814086914,0.0354456901550293,0.07277083396911621,,
,273,,3253,46.408438510081574,1.5020003653364185,,,,,,,,0.04784536361694336,0.03528881072998047,0.08313417434692383,,
,274,,3264,46.47233087896917,1.500190148842247,,,,,,,,0.03986978530883789,0.03701639175415039,0.07688617706298828,,
,275,,3277,46.53600076394194,1.4983768409477853,,,,,,,,0.03186154365539551,0.03719210624694824,0.06905364990234375,,
,276,,3289,46.59289846247526,1.4968310112321075,,,,,,,,0.034004926681518555,0.03562021255493164,0.0696251392364502,,
,277,,3300,46.63603777878926,1.4956616549600255,,,,,,,,0.033202409744262695,0.035961151123046875,0.06916356086730957,,
,278,,3312,46.70256991685563,1.493916393622108,,,,,,,,0.033339738845825195,0.0355679988861084,0.0689077377319336,,
,279,,3323,46.77047235196625,1.492150633818695,,,,,,,,0.03252601623535156,0.03672146797180176,0.06924748420715332,,
,280,,3335,46.83699894910674,1.4902419868973957,,,,,,,,0.08399820327758789,0.035387516021728516,0.1193857192993164,,
,281,,3346,46.88762531797097,1.48859002416674,,,,,,,,0.034850358963012695,0.035233497619628906,0.0700838565826416,,
,282,,3356,46.93840444577055,1.4871217721409393,,,,,,,,0.03732109069824219,0.03489255905151367,0.07221364974975586,,
,283,,3367,46.99674721189591,1.4854494214128733,,,,,,,,0.04030203819274902,0.03709816932678223,0.07740020751953125,,
,284,,3379,47.06113868721292,1.4835847123694441,,,,,,,,0.037206172943115234,0.03609657287597656,0.0733027458190918,,
,285,,3390,47.10576355043568,1.4822841905738753,,,,,,,,0.03463459014892578,0.035634517669677734,0.07026910781860352,,
,286,,3399,47.15072175578141,1.4810959017602932,,,,,,,,0.0323338508605957,0.03667712211608887,0.06901097297668457,,
,287,,3408,47.200492140443664,1.479901151740355,,,,,,,,0.036712646484375,0.03628873825073242,0.07300138473510742,,
,288,,3418,47.24668595283433,1.4783772744059633,,,,,,,,0.03545522689819336,0.03529763221740723,0.07075285911560059,,
,289,,3428,47.29854315758726,1.4769288862565295,,,,,,,,0.03275299072265625,0.042870521545410156,0.0756235122680664,,
,290,,3437,47.34204297159505,1.4756255242101044,,,,,,,,0.03936004638671875,0.03778862953186035,0.0771486759185791,,
,291,,3447,47.3869825708061,1.4741865931506222,,,,,,,,0.03298354148864746,0.03719830513000488,0.07018184661865234,,
,292,,3458,47.43512016794556,1.4726397711772874,,,,,,,,0.03417325019836426,0.03395533561706543,0.06812858581542969,,
,293,,3466,47.46768019644663,1.4717584080387938,,,,,,,,0.05139756202697754,0.03840923309326172,0.08980679512023926,,
,294,,3474,47.50774607292117,1.470608536237674,,,,,,,,0.7363498210906982,0.03652071952819824,0.7728705406188965,,
,295,,3482,47.548526240115024,1.469458123413329,,,,,,,,0.03324556350708008,0.04067873954772949,0.07392430305480957,,
,296,,3489,47.58080427607978,1.4686371478558817,,,,,,,,0.03216981887817383,0.03731703758239746,0.06948685646057129,,
,297,,3497,47.62974230493916,1.4675130142223367,,,,,,,,0.02829909324645996,0.036693572998046875,0.06499266624450684,,
,298,,3504,47.67690027146735,1.4663881787426396,,,,,,,,0.03337264060974121,0.037834882736206055,0.07120752334594727,,
,299,,3512,47.72273699215966,1.465143910030026,,,,,,,,0.03898167610168457,0.03565382957458496,0.07463550567626953,,
,300,,3521,47.770332717190385,1.4638956531107814,,,,,,,,0.027985095977783203,0.03785967826843262,0.06584477424621582,,
,301,,3529,47.803323166406585,1.4629252785223001,,,,,,,,0.02768111228942871,0.038503408432006836,0.06618452072143555,,
,302,,3537,47.84324133050248,1.4618975427449339,,,,,,,,0.03656721115112305,0.03833317756652832,0.07490038871765137,,
,303,,3545,47.8847443863861,1.4608407314136436,,,,,,,,0.027918338775634766,0.039498329162597656,0.06741666793823242,,
,304,,3554,47.93324764051275,1.4595736952631677,,,,,,,,0.031563520431518555,0.03798794746398926,0.06955146789550781,,
,305,,3564,47.986901250175585,1.4581612220617255,,,,,,,,0.028600454330444336,0.037816762924194336,0.06641721725463867,,
,306,,3575,48.01760957849041,1.4569385208950176,,,,,,,,0.02816486358642578,0.03846478462219238,0.06662964820861816,,
,307,,3587,48.07048150732729,1.455527319810435,,,,,,,,0.0330500602722168,0.045323848724365234,0.07837390899658203,,
,308,,3600,48.1122236128494,1.4541659184462494,,,,,,,,0.02904486656188965,0.03939175605773926,0.0684366226196289,,
,309,,3613,48.16838714147153,1.4525068173803124,,,,,,,,0.039437294006347656,0.04034280776977539,0.07978010177612305,,
,310,,3626,48.23277647383681,1.4507683313524138,,,,,,,,0.03253889083862305,0.03726625442504883,0.06980514526367188,,
,311,,3640,48.30319075780498,1.448922136573346,,,,,,,,0.029269933700561523,0.036719560623168945,0.06598949432373047,,
,312,,3654,48.39318742293465,1.446703818060364,,,,,,,,0.030634403228759766,0.03732466697692871,0.06795907020568848,,
,313,,3666,48.44667486003004,1.4451107899803186,,,,,,,,0.030973196029663086,0.03577160835266113,0.06674480438232422,,
,314,,3677,48.501106194690266,1.4437251480046518,,,,,,,,0.02898240089416504,0.03737807273864746,0.0663604736328125,,
,315,,3689,48.56451010991994,1.4419554763610656,,,,,,,,0.029361963272094727,0.03630805015563965,0.06567001342773438,,
,316,,3700,48.625439723988634,1.4403516880885974,,,,,,,,0.030849695205688477,0.0362246036529541,0.06707429885864258,,
,317,,3712,48.687204989885366,1.4386295004073402,,,,,,,,0.03145408630371094,0.03760075569152832,0.06905484199523926,,
,318,,3723,48.73857066021245,1.437152411071261,,,,,,,,0.031073570251464844,0.03449749946594238,0.06557106971740723,,
,319,,3733,48.78386080193107,1.435943379068132,,,,,,,,0.02872180938720703,0.03532981872558594,0.06405162811279297,,
,320,,3745,48.84331974334982,1.4343447177368744,,,,,,,,0.03136634826660156,0.03721141815185547,0.06857776641845703,,
,321,,3757,48.89906728847435,1.432982647374554,,,,,,,,0.028784751892089844,0.034712791442871094,0.06349754333496094,,
,322,,3768,48.94089610734689,1.4318238181989411,,,,,,,,0.04655027389526367,0.03587937355041504,0.08242964744567871,,
,323,,3777,48.9777998674619,1.4309550641641624,,,,,,,,0.03113722801208496,0.03679084777832031,0.06792807579040527,,
,324,,3786,49.00709044030147,1.4301067421156706,,,,,,,,0.02985405921936035,0.03704714775085449,0.06690120697021484,,
,325,,3797,49.06600197758734,1.4285259835023707,,,,,,,,0.03280496597290039,0.03578329086303711,0.0685882568359375,,
,326,,3808,49.118821480215594,1.427096279040605,,,,,,,,0.029608964920043945,0.038576364517211914,0.06818532943725586,,
,327,,3819,49.170926726962904,1.4256212979625362,,,,,,,,0.02837085723876953,0.038606882095336914,0.06697773933410645,,
,328,,3828,49.21210932391788,1.4245294241104256,,,,,,,,0.03052353858947754,0.03594350814819336,0.0664670467376709,,
,329,,3837,49.25106001304631,1.4233415846343709,,,,,,,,0.032433271408081055,0.03566765785217285,0.0681009292602539,,
,330,,3847,49.29611255692908,1.422141736099743,,,,,,,,0.030652523040771484,0.0374140739440918,0.06806659698486328,,
,331,,3857,49.341336794289425,1.4209338345767488,,,,,,,,0.02844381332397461,0.03773188591003418,0.06617569923400879,,
,332,,3867,49.39239482200647,1.4195987934254848,,,,,,,,0.03674030303955078,0.0372769832611084,0.07401728630065918,,
,333,,3877,49.434715945771465,1.4183457048861121,,,,,,,,0.026746511459350586,0.03686404228210449,0.06361055374145508,,
,334,,3886,49.461387350251194,1.4175017014092166,,,,,,,,0.027276277542114258,0.03642988204956055,0.0637061595916748,,
,335,,3897,49.5026493256262,1.4163185942316778,,,,,,,,0.02687668800354004,0.0356903076171875,0.06256699562072754,,
,336,,3910,49.565116502368454,1.4145577572800618,,,,,,,,0.02519679069519043,0.03739142417907715,0.06258821487426758,,
,337,,3919,49.60363711840593,1.4133826431251053,,,,,,,,0.028800010681152344,0.04425668716430664,0.07305669784545898,,
,338,,3929,49.64485921773474,1.4120506290777792,,,,,,,,0.029383420944213867,0.03749680519104004,0.0668802261352539,,
,339,,3941,49.70587768322113,1.4103861349665312,,,,,,,,0.029117107391357422,0.037686824798583984,0.0668039321899414,,
,340,,3952,49.74865421152628,1.409258435989319,,,,,,,,0.028471946716308594,0.04044532775878906,0.06891727447509766,,
,341,,3963,49.79474548440066,1.4080057727878454,,,,,,,,0.027189016342163086,0.03674650192260742,0.06393551826477051,,
,342,,3975,49.83904734920035,1.4066998070291004,,,,,,,,0.027838468551635742,0.03631424903869629,0.06415271759033203,,
,343,,3988,49.89762457637756,1.4048985188739112,,,,,,,,0.02728128433227539,0.036405086517333984,0.06368637084960938,,
,344,,4000,49.955809660868475,1.4034692996889353,,,,,,,,0.03090214729309082,0.03741741180419922,0.06831955909729004,,
,345,,4011,49.99181018345189,1.4023768293593062,,,,,,,,0.031058311462402344,0.0357511043548584,0.06680941581726074,,
,346,,4023,50.04160445439841,1.4009796367662333,,,,,,,,0.028900146484375,0.03734707832336426,0.06624722480773926,,
,347,,4036,50.099993798834184,1.3993154192348893,,,,,,,,0.0653996467590332,0.03689980506896973,0.10229945182800293,,
,348,,4047,50.14764996907854,1.3979711260270093,,,,,,,,0.02836012840270996,0.036238670349121094,0.06459879875183105,,
,349,,4058,50.19774577525595,1.3966940243500332,,,,,,,,0.02817845344543457,0.03544902801513672,0.06362748146057129,,
,350,,4070,50.24750953142295,1.395218103787237,,,,,,,,0.029229402542114258,0.037117958068847656,0.06634736061096191,,
,351,,4080,50.28140718930192,1.3942367227638468,,,,,,,,0.029506206512451172,0.03660297393798828,0.06610918045043945,,
,352,,4090,50.32852466038429,1.3931144712460946,,,,,,,,0.030333518981933594,0.03606081008911133,0.06639432907104492,,
,353,,4101,50.36921762480166,1.3919376066707163,,,,,,,,0.05469036102294922,0.03531694412231445,0.09000730514526367,,
,354,,4113,50.425185590848244,1.390379480396255,,,,,,,,0.032778263092041016,0.03649473190307617,0.06927299499511719,,
,355,,4124,50.47563417890521,1.3890259785344599,,,,,,,,0.03191542625427246,0.037938594818115234,0.0698540210723877,,
,356,,4135,50.5227877980874,1.387713455707015,,,,,,,,0.027916431427001953,0.03599429130554199,0.06391072273254395,,
,357,,4147,50.584640917320456,1.3859984433331891,,,,,,,,0.02907705307006836,0.03750038146972656,0.06657743453979492,,
,358,,4159,50.63447767481045,1.384616831742562,,,,,,,,0.029781818389892578,0.0371551513671875,0.06693696975708008,,
,359,,4170,50.67593926299364,1.3833836433698805,,,,,,,,0.03292965888977051,0.0354619026184082,0.06839156150817871,,
,360,,4181,50.719053034837785,1.3822154828134092,,,,,,,,0.02906656265258789,0.03697991371154785,0.06604647636413574,,
,361,,4193,50.77406887907365,1.3807566348448193,,,,,,,,0.02866196632385254,0.03745841979980469,0.06612038612365723,,
,362,,4205,50.825794548268064,1.3793865679135362,,,,,,,,0.02927112579345703,0.03920483589172363,0.06847596168518066,,
,363,,4215,50.86799370621066,1.3782067417108574,,,,,,,,0.03356003761291504,0.039272308349609375,0.07283234596252441,,
,364,,4225,50.91702701101765,1.3769489932624546,,,,,,,,0.028450965881347656,0.03718066215515137,0.06563162803649902,,
,365,,4237,50.97275546367395,1.3754339892683598,,,,,,,,0.03536534309387207,0.03485751152038574,0.07022285461425781,,
,366,,4249,51.02596006596772,1.3739507888507552,,,,,,,,0.0307314395904541,0.037563323974609375,0.06829476356506348,,
,367,,4262,51.08962125660599,1.372258606621605,,,,,,,,0.028878211975097656,0.035858154296875,0.06473636627197266,,
,368,,4275,51.15106544901065,1.3705215365705434,,,,,,,,0.03134608268737793,0.036492347717285156,0.06783843040466309,,
,369,,4287,51.198920023350844,1.36906224298733,,,,,,,,0.029036521911621094,0.0381009578704834,0.06713747978210449,,
,370,,4297,51.235803727431566,1.3679318725161145,,,,,,,,0.028702735900878906,0.03823232650756836,0.06693506240844727,,
,371,,4306,51.28007671742415,1.366910976404043,,,,,,,,0.036629676818847656,0.03055596351623535,0.06718564033508301,,
,372,,4314,51.30453068801485,1.3662676251647536,,,,,,,,0.0455169677734375,0.04004859924316406,0.08556556701660156,,
,373,,4323,51.342697117054534,1.365203849976465,,,,,,,,0.6913292407989502,0.03693389892578125,0.7282631397247314,,
,374,,4333,51.38255169227215,1.3640223376035086,,,,,,,,0.030205249786376953,0.036097049713134766,0.06630229949951172,,
,375,,4345,51.44100622048151,1.362404323927415,,,,,,,,0.030958890914916992,0.03574848175048828,0.06670737266540527,,
,376,,4356,51.480452142939214,1.3612631139566966,,,,,,,,0.030330419540405273,0.03487229347229004,0.06520271301269531,,
,377,,4365,51.50892959522991,1.3603904454022613,,,,,,,,0.029353857040405273,0.035692453384399414,0.06504631042480469,,
,378,,4374,51.537647328069575,1.359479853972813,,,,,,,,0.0287325382232666,0.03588461875915527,0.06461715698242188,,
,379,,4384,51.56695969859573,1.3586395818087524,,,,,,,,0.02623128890991211,0.040702104568481445,0.06693339347839355,,
,380,,4395,51.61214554151008,1.35747814038779,,,,,,,,0.03129887580871582,0.036081790924072266,0.06738066673278809,,
,381,,4408,51.66877199954582,1.3559802187008347,,,,,,,,0.026774168014526367,0.03589797019958496,0.06267213821411133,,
,382,,4420,51.716255237232474,1.3546815936247147,,,,,,,,0.025151491165161133,0.03623843193054199,0.061389923095703125,,
,383,,4432,51.76171654432524,1.3532874705370799,,,,,,,,0.025198936462402344,0.03724408149719238,0.06244301795959473,,
,384,,4447,51.83560776589758,1.3512971850092395,,,,,,,,0.027759075164794922,0.03667306900024414,0.06443214416503906,,
,385,,4461,51.902417816672276,1.349486693823399,,,,,,,,0.02578568458557129,0.03617572784423828,0.06196141242980957,,
,386,,4473,51.958501174890905,1.3480625135931104,,,,,,,,0.026632308959960938,0.04209160804748535,0.06872391700744629,,
,387,,4484,51.99868846969528,1.3469098645007365,,,,,,,,0.031165599822998047,0.0367887020111084,0.06795430183410645,,
,388,,4496,52.05248803295113,1.3455492288033308,,,,,,,,0.031180620193481445,0.03704643249511719,0.06822705268859863,,
,389,,4511,52.11985465438811,1.3437035014269436,,,,,,,,0.02667546272277832,0.03780674934387207,0.06448221206665039,,
,390,,4525,52.179653799358476,1.3419824665422597,,,,,,,,0.0269472599029541,0.036724090576171875,0.06367135047912598,,
,391,,4538,52.237854306826954,1.340369849858593,,,,,,,,0.026007652282714844,0.03631019592285156,0.062317848205566406,,
,392,,4550,52.276633483665165,1.3391631104657937,,,,,,,,0.030173301696777344,0.03847837448120117,0.06865167617797852,,
,393,,4562,52.324465167306634,1.3378030681024775,,,,,,,,0.02433323860168457,0.03663516044616699,0.06096839904785156,,
,394,,4574,52.36965204070467,1.3365020006829909,,,,,,,,0.028328418731689453,0.035912275314331055,0.06424069404602051,,
,395,,4586,52.417671614100186,1.3352335594493752,,,,,,,,0.03638505935668945,0.03531503677368164,0.0717000961303711,,
,396,,4599,52.474425944063555,1.333763953394723,,,,,,,,0.030725955963134766,0.03700423240661621,0.06773018836975098,,
,397,,4612,52.52611231687466,1.332251923325159,,,,,,,,0.028670310974121094,0.03920316696166992,0.06787347793579102,,
,398,,4624,52.578065807987876,1.3308827651464816,,,,,,,,0.027434587478637695,0.043450117111206055,0.07088470458984375,,
,399,,4634,52.61738578680203,1.3297510649373834,,,,,,,,0.028050899505615234,0.0371394157409668,0.06519031524658203,,
,400,,4644,52.64845349714409,1.3288221612354478,,,,,,,,0.02588033676147461,0.03637242317199707,0.06225275993347168,,
,401,,4654,52.68778900957092,1.3277742888700004,,,,,,,,0.025964736938476562,0.03657197952270508,0.06253671646118164,,
,402,,4664,52.72326698143578,1.3268110439769196,,,,,,,,0.02649855613708496,0.03589749336242676,0.06239604949951172,,
,403,,4676,52.77380124157123,1.3254848092259048,,,,,,,,0.030689239501953125,0.03746652603149414,0.06815576553344727,,
,404,,4689,52.83047817269719,1.3239195714578569,,,,,,,,0.02613234519958496,0.0361478328704834,0.06228017807006836,,
,405,,4702,52.8828499201703,1.3224322408095466,,,,,,,,0.024572372436523438,0.03719973564147949,0.06177210807800293,,
,406,,4715,52.94090330113576,1.3208791708263588,,,,,,,,0.02641439437866211,0.04166102409362793,0.06807541847229004,,
,407,,4727,52.98074377977766,1.3195194486762698,,,,,,,,0.026643753051757812,0.03728675842285156,0.06393051147460938,,
,408,,4737,53.01769677760169,1.3185328206785474,,,,,,,,0.029700279235839844,0.03580164909362793,0.06550192832946777,,
,409,,4747,53.058777016341594,1.317379778903586,,,,,,,,0.025098085403442383,0.03794741630554199,0.06304550170898438,,
,410,,4757,53.09425474825064,1.3163409060180902,,,,,,,,0.03762030601501465,0.03539276123046875,0.0730130672454834,,
,411,,4767,53.13894576573739,1.3151805294567818,,,,,,,,0.0693051815032959,0.036229610443115234,0.10553479194641113,,
,412,,4777,53.1814847802169,1.3140717047089834,,,,,,,,0.03314638137817383,0.03683042526245117,0.069976806640625,,
,413,,4787,53.22482616196999,1.3129101752960934,,,,,,,,0.03312253952026367,0.03729104995727539,0.07041358947753906,,
,414,,4798,53.27382504824996,1.3116211639488176,,,,,,,,0.04159235954284668,0.03591656684875488,0.07750892639160156,,
,415,,4810,53.31637962433009,1.3104214632213735,,,,,,,,0.02979254722595215,0.036914825439453125,0.06670737266540527,,
,416,,4823,53.35997094079186,1.309083199552943,,,,,,,,0.028693199157714844,0.037404775619506836,0.06609797477722168,,
,417,,4835,53.41438480252601,1.3075998096702757,,,,,,,,0.031889915466308594,0.036040544509887695,0.06793045997619629,,
,418,,4849,53.46290322580645,1.3061537767444893,,,,,,,,0.028405189514160156,0.03731417655944824,0.0657193660736084,,
,419,,4861,53.50261288163517,1.3050889644179415,,,,,,,,0.0291140079498291,0.035964012145996094,0.0650780200958252,,
,420,,4872,53.54124929367648,1.3040602455781207,,,,,,,,0.026839017868041992,0.03584623336791992,0.06268525123596191,,
,421,,4882,53.57179474034962,1.3031629182334221,,,,,,,,0.027832984924316406,0.03944516181945801,0.06727814674377441,,
,422,,4894,53.62151623625671,1.3019028292244972,,,,,,,,0.03168463706970215,0.03797316551208496,0.06965780258178711,,
,423,,4907,53.67056408425562,1.300554632703277,,,,,,,,0.02553558349609375,0.038526296615600586,0.06406188011169434,,
,424,,4920,53.72221374434101,1.2991605707663831,,,,,,,,0.02877211570739746,0.038945913314819336,0.0677180290222168,,
,425,,4933,53.773590888336464,1.2977431874753205,,,,,,,,0.028951406478881836,0.037737131118774414,0.06668853759765625,,
,426,,4943,53.80993367424434,1.296742735357871,,,,,,,,0.03264808654785156,0.03603386878967285,0.06868195533752441,,
,427,,4953,53.852445556060836,1.2955943296984809,,,,,,,,0.03201413154602051,0.03667950630187988,0.06869363784790039,,
,428,,4965,53.9026664650436,1.2941760209932067,,,,,,,,0.024630308151245117,0.0357661247253418,0.060396432876586914,,
,429,,4977,53.94635943078393,1.2928627968397346,,,,,,,,0.03237748146057129,0.03568768501281738,0.06806516647338867,,
,430,,4989,53.99015550539252,1.2916743714839525,,,,,,,,0.0250241756439209,0.03777933120727539,0.06280350685119629,,
,431,,5002,54.0388752689248,1.2903007162732631,,,,,,,,0.028241634368896484,0.03708934783935547,0.06533098220825195,,
,432,,5012,54.08167723573176,1.2890530450883524,,,,,,,,0.029402494430541992,0.03675222396850586,0.06615471839904785,,
,433,,5019,54.116180503615055,1.2881405168877438,,,,,,,,0.025472164154052734,0.036896467208862305,0.06236863136291504,,
,434,,5026,54.145919434347455,1.287316047440854,,,,,,,,0.0251617431640625,0.03922677040100098,0.06438851356506348,,
,435,,5034,54.17816306239125,1.2864191336412965,,,,,,,,0.02690410614013672,0.04228997230529785,0.06919407844543457,,
,436,,5043,54.20574661307131,1.285598191079369,,,,,,,,0.029076576232910156,0.039684295654296875,0.06876087188720703,,
,437,,5051,54.235619085368874,1.2848109594195745,,,,,,,,0.027625560760498047,0.03850603103637695,0.066131591796875,,
,438,,5060,54.2651713734606,1.284013392967669,,,,,,,,0.026158809661865234,0.03648543357849121,0.06264424324035645,,
,439,,5071,54.300017272861865,1.2830606284895678,,,,,,,,0.02780628204345703,0.03540205955505371,0.06320834159851074,,
,440,,5083,54.34185909113288,1.2818371894648992,,,,,,,,0.024547576904296875,0.03741574287414551,0.06196331977844238,,
,441,,5096,54.39645435348426,1.280458735474612,,,,,,,,0.029819250106811523,0.03549361228942871,0.06531286239624023,,
,442,,5108,54.43755817941306,1.2792150277758167,,,,,,,,0.03171110153198242,0.03775429725646973,0.06946539878845215,,
,443,,5120,54.488550271274256,1.277843642560765,,,,,,,,0.035828351974487305,0.035573720932006836,0.07140207290649414,,
,444,,5131,54.53378773837975,1.2765319185795039,,,,,,,,0.03275465965270996,0.037774085998535156,0.07052874565124512,,
,445,,5142,54.5824816274882,1.2752529079524146,,,,,,,,0.029442548751831055,0.03561806678771973,0.06506061553955078,,
,446,,5154,54.63097839281379,1.273957811165883,,,,,,,,0.02834486961364746,0.04446673393249512,0.07281160354614258,,
,447,,5166,54.67349706922443,1.2727761339515944,,,,,,,,0.02910017967224121,0.038949012756347656,0.06804919242858887,,
,448,,5178,54.71491228070175,1.2716905499699493,,,,,,,,0.028681516647338867,0.035806894302368164,0.06448841094970703,,
,449,,5189,54.75524475524475,1.2706249016664648,,,,,,,,0.025579214096069336,0.03854703903198242,0.06412625312805176,,
,450,,5197,54.78132373477151,1.269870622830825,,,,,,,,0.028084754943847656,0.03666090965270996,0.06474566459655762,,
,451,,5203,54.79985330190948,1.2692906245196893,,,,,,,,0.026937007904052734,0.03818058967590332,0.06511759757995605,,
,452,,5211,54.83359746434231,1.2683580716393819,,,,,,,,0.028138399124145508,0.03637576103210449,0.06451416015625,,
,453,,5218,54.85678144933097,1.2676737299763685,,,,,,,,0.02646923065185547,0.038784027099609375,0.06525325775146484,,
,454,,5224,54.87065868263473,1.2672273470160151,,,,,,,,0.027916431427001953,0.04414010047912598,0.07205653190612793,,
,455,,5231,54.894931349567045,1.266577226274489,,,,,,,,0.025227069854736328,0.03723621368408203,0.06246328353881836,,
,456,,5240,54.92740818568222,1.2656788045497795,,,,,,,,0.026692628860473633,0.03717851638793945,0.06387114524841309,,
,457,,5250,54.9615091281758,1.2647196573189328,,,,,,,,0.026950597763061523,0.03760862350463867,0.0645592212677002,,
,458,,5261,55.003151310469484,1.2635924321031236,,,,,,,,0.02871561050415039,0.03690934181213379,0.06562495231628418,,
,459,,5274,55.04181494661922,1.2624705547426611,,,,,,,,0.025882959365844727,0.03770852088928223,0.06359148025512695,,
,460,,5286,55.07178194385267,1.2615827832017215,,,,,,,,0.0267026424407959,0.03828167915344238,0.06498432159423828,,
,461,,5300,55.12034326455451,1.2603205523794552,,,,,,,,0.03298687934875488,0.03692340850830078,0.06991028785705566,,
,462,,5314,55.17026186887717,1.2589453712896517,,,,,,,,0.07460761070251465,0.0382227897644043,0.11283040046691895,,
,463,,5328,55.223012965050735,1.2575509662295248,,,,,,,,0.025182008743286133,0.03711724281311035,0.062299251556396484,,
,464,,5342,55.279001124437784,1.256097117018405,,,,,,,,0.026683330535888672,0.03594684600830078,0.06263017654418945,,
,465,,5356,55.33177570093458,1.2546792526557609,,,,,,,,0.026589632034301758,0.04056525230407715,0.0671548843383789,,
,466,,5369,55.379451799366024,1.2534235980306885,,,,,,,,0.02677607536315918,0.03808784484863281,0.06486392021179199,,
,467,,5383,55.43838339222615,1.2518752910115118,,,,,,,,0.029362916946411133,0.03694629669189453,0.06630921363830566,,
,468,,5396,55.487592764378476,1.2505346933411527,,,,,,,,0.02607250213623047,0.038977622985839844,0.06505012512207031,,
,469,,5408,55.52573121066272,1.2494730258459699,,,,,,,,0.02862715721130371,0.03635239601135254,0.06497955322265625,,
,470,,5422,55.5841488183161,1.2479863209022626,,,,,,,,0.02699565887451172,0.03620314598083496,0.06319880485534668,,
,471,,5434,55.62707258658806,1.2467759709104616,,,,,,,,0.03233528137207031,0.03856039047241211,0.07089567184448242,,
,472,,5446,55.672966452205884,1.2455332781127653,,,,,,,,0.026197433471679688,0.0379331111907959,0.06413054466247559,,
,473,,5459,55.72047496790757,1.2441815998358132,,,,,,,,0.028240442276000977,0.03749489784240723,0.0657353401184082,,
,474,,5471,55.76166514181153,1.243003293368002,,,,,,,,0.02718806266784668,0.037912607192993164,0.06510066986083984,,
,475,,5483,55.79326045280263,1.2420603682389122,,,,,,,,0.02998971939086914,0.03695869445800781,0.06694841384887695,,
,476,,5496,55.84016393442623,1.2408060629945654,,,,,,,,0.026151180267333984,0.04463791847229004,0.07078909873962402,,
,477,,5509,55.89706750863166,1.2393609804907173,,,,,,,,0.02605271339416504,0.037854909896850586,0.06390762329101562,,
,478,,5522,55.94322199057288,1.2382228619397788,,,,,,,,0.029463529586791992,0.03588366508483887,0.06534719467163086,,
,479,,5535,55.99226804123711,1.2369568447648887,,,,,,,,0.02547764778137207,0.037369728088378906,0.06284737586975098,,
,480,,5548,56.038264615662214,1.2356686340920255,,,,,,,,0.0360562801361084,0.03643083572387695,0.07248711585998535,,
,481,,5562,56.09166891648668,1.2342258136356448,,,,,,,,0.10913538932800293,0.03509402275085449,0.14422941207885742,,
,482,,5576,56.14031642728905,1.2328531710348136,,,,,,,,0.07441210746765137,0.04178285598754883,0.1161949634552002,,
,483,,5590,56.1934768982808,1.2314460105887466,,,,,,,,0.029638051986694336,0.03383684158325195,0.06347489356994629,,
,484,,5603,56.23632079685546,1.2302287668707794,,,,,,,,0.024532794952392578,0.03745841979980469,0.061991214752197266,,
,485,,5616,56.28592914438503,1.2288902397519588,,,,,,,,0.02675318717956543,0.0381929874420166,0.06494617462158203,,
,486,,5629,56.33641961586342,1.227489337274799,,,,,,,,0.026872634887695312,0.038614749908447266,0.06548738479614258,,
,487,,5641,56.3825421472937,1.2263131649585888,,,,,,,,0.027031660079956055,0.03844404220581055,0.0654757022857666,,
,488,,5653,56.42155126615902,1.2251705594101185,,,,,,,,0.02695298194885254,0.03796052932739258,0.06491351127624512,,
,489,,5667,56.474121180003536,1.223779977577503,,,,,,,,0.026252269744873047,0.03693366050720215,0.0631859302520752,,
,490,,5681,56.53111233480176,1.2222214342947264,,,,,,,,0.02543950080871582,0.03961801528930664,0.06505751609802246,,
,491,,5692,56.558597871966235,1.221445907601067,,,,,,,,0.02631354331970215,0.03746366500854492,0.06377720832824707,,
,492,,5701,56.58115671641791,1.2207833001266926,,,,,,,,0.026261568069458008,0.03658747673034668,0.06284904479980469,,
,493,,5710,56.609396914446,1.2199215851502327,,,,,,,,0.028873205184936523,0.0373532772064209,0.06622648239135742,,
,494,,5720,56.64021482324116,1.2189670123785108,,,,,,,,0.023813486099243164,0.03818821907043457,0.062001705169677734,,
,495,,5730,56.673108839972045,1.218068912739737,,,,,,,,0.03148198127746582,0.03602004051208496,0.06750202178955078,,
,496,,5741,56.7085331299041,1.2169899324769862,,,,,,,,0.03422379493713379,0.038814544677734375,0.07303833961486816,,
,497,,5752,56.745453358858335,1.215995839448524,,,,,,,,0.03777956962585449,0.03633522987365723,0.07411479949951172,,
,498,,5761,56.77834491746307,1.2150941876782826,,,,,,,,0.028241634368896484,0.037506818771362305,0.06574845314025879,,
,499,,5768,56.80617624088858,1.2142928263195758,,,,,,,,0.03262519836425781,0.035678863525390625,0.06830406188964844,,
,500,,5777,56.84023566106394,1.2133650093502046,,,,,,,,0.025360107421875,0.037859439849853516,0.06321954727172852,,
,501,,5787,56.87002681197025,1.2124823830855702,,,,,,,,0.0264434814453125,0.03561830520629883,0.06206178665161133,,
,502,,5796,56.89416018998273,1.2118717590751855,,,,,,,,0.025326013565063477,0.036171913146972656,0.06149792671203613,,
,503,,5805,56.92306863252285,1.2110505559391034,,,,,,,,0.027653217315673828,0.03612089157104492,0.06377410888671875,,
,504,,5814,56.946506973140494,1.210374360631781,,,,,,,,0.0275726318359375,0.03810310363769531,0.06567573547363281,,
,505,,5823,56.97578219013237,1.2095007089053194,,,,,,,,0.025904178619384766,0.03724336624145508,0.06314754486083984,,
,506,,5834,57.01194663692519,1.2085353821250402,,,,,,,,0.05351686477661133,0.037865638732910156,0.09138250350952148,,
,507,,5846,57.049175941780824,1.207475532729496,,,,,,,,0.03432941436767578,0.040554046630859375,0.07488346099853516,,
,508,,5858,57.081446514012306,1.2065100591157882,,,,,,,,0.6697754859924316,0.0362391471862793,0.7060146331787109,,
,509,,5872,57.13593163995909,1.2050253802336934,,,,,,,,0.028522014617919922,0.03806781768798828,0.0665898323059082,,
,510,,5885,57.18845679537336,1.203671996332167,,,,,,,,0.028897762298583984,0.036042213439941406,0.06493997573852539,,
,511,,5898,57.23226408689749,1.2024511649987382,,,,,,,,0.026271820068359375,0.038588762283325195,0.06486058235168457,,
,512,,5911,57.28249364944962,1.2010865686428243,,,,,,,,0.027863264083862305,0.035379886627197266,0.06324315071105957,,
,513,,5918,57.30611468200271,1.200424207212676,,,,,,,,0.03768730163574219,0.03739118576049805,0.07507848739624023,,
,514,,5923,57.32661188102079,1.1998610896686233,,,,,,,,0.027627229690551758,0.036431074142456055,0.06405830383300781,,
,515,,5929,57.352956694242785,1.1991785541415556,,,,,,,,0.0234835147857666,0.03770112991333008,0.06118464469909668,,
,516,,5935,57.37213273739248,1.1986963182210721,,,,,,,,0.024126052856445312,0.03688383102416992,0.061009883880615234,,
,517,,5943,57.39576753000632,1.198038937983119,,,,,,,,0.02750420570373535,0.036132097244262695,0.06363630294799805,,
,518,,5950,57.423863206158245,1.197319662946613,,,,,,,,0.05964040756225586,0.03697371482849121,0.09661412239074707,,
,519,,5956,57.446842038912465,1.1967125840590174,,,,,,,,0.025667428970336914,0.03681206703186035,0.062479496002197266,,
,520,,5962,57.46715083329835,1.1961417587630823,,,,,,,,0.02567148208618164,0.0359647274017334,0.06163620948791504,,
,521,,5970,57.49329224835451,1.1954406379205698,,,,,,,,0.025183677673339844,0.036138296127319336,0.06132197380065918,,
,522,,5980,57.52521659063324,1.194539235886124,,,,,,,,0.029796600341796875,0.03682875633239746,0.06662535667419434,,
,523,,5991,57.5557713999248,1.1936524055513908,,,,,,,,0.025901317596435547,0.03569197654724121,0.06159329414367676,,
,524,,6004,57.60270332235608,1.1923889728941812,,,,,,,,0.026232242584228516,0.037549495697021484,0.06378173828125,,
,525,,6018,57.65127885215222,1.1910042657472637,,,,,,,,0.02830028533935547,0.03581953048706055,0.06411981582641602,,
,526,,6032,57.699109995435876,1.1896620714192128,,,,,,,,0.02308201789855957,0.03871297836303711,0.06179499626159668,,
,527,,6046,57.752152585172,1.188239085232624,,,,,,,,0.029312849044799805,0.03563714027404785,0.06494998931884766,,
,528,,6059,57.794363666405054,1.1870302740871208,,,,,,,,0.027204036712646484,0.03691601753234863,0.06412005424499512,,
,529,,6071,57.82789504060683,1.1860929705365804,,,,,,,,0.023607254028320312,0.03807353973388672,0.06168079376220703,,
,530,,6083,57.86875128574368,1.1849962654972908,,,,,,,,0.027695417404174805,0.03547811508178711,0.06317353248596191,,
,531,,6097,57.918394154591354,1.1836030929034238,,,,,,,,0.025803327560424805,0.03737688064575195,0.06318020820617676,,
,532,,6111,57.96601752877094,1.1823249726858454,,,,,,,,0.02407217025756836,0.03538656234741211,0.05945873260498047,,
,533,,6124,58.01013527320283,1.1810552522510893,,,,,,,,0.026468753814697266,0.03597831726074219,0.06244707107543945,,
,534,,6137,58.05432078626483,1.179883323921838,,,,,,,,0.023332595825195312,0.03695821762084961,0.06029081344604492,,
,535,,6150,58.097301916737884,1.1787004742147478,,,,,,,,0.020513534545898438,0.038521528244018555,0.05903506278991699,,
,536,,6159,58.13040960624162,1.1777793169311936,,,,,,,,0.026144027709960938,0.03787374496459961,0.06401777267456055,,
,537,,6167,58.16043382979587,1.176961001114461,,,,,,,,0.028249025344848633,0.03827357292175293,0.06652259826660156,,
,538,,6178,58.201083654040914,1.175790429930542,,,,,,,,0.02609562873840332,0.038304805755615234,0.06440043449401855,,
,539,,6191,58.24599789788576,1.1745389656996692,,,,,,,,0.02641892433166504,0.037564992904663086,0.06398391723632812,,
,540,,6202,58.27524111214237,1.1736939715035921,,,,,,,,0.02747511863708496,0.03800201416015625,0.06547713279724121,,
,541,,6212,58.303956327303496,1.1728900603359926,,,,,,,,0.02514171600341797,0.03652000427246094,0.061661720275878906,,
,542,,6223,58.336014478182186,1.1720137163199318,,,,,,,,0.02379322052001953,0.03822946548461914,0.06202268600463867,,
,543,,6233,58.36729572375025,1.1711990830461458,,,,,,,,0.027623653411865234,0.03820371627807617,0.0658273696899414,,
,544,,6242,58.3887975622469,1.1705118246765636,,,,,,,,0.024713754653930664,0.037423133850097656,0.06213688850402832,,
,545,,6253,58.419551731038624,1.1695731917600831,,,,,,,,0.024442195892333984,0.035895347595214844,0.06033754348754883,,
,546,,6266,58.460228861285294,1.1683784202430867,,,,,,,,0.025803565979003906,0.03681039810180664,0.06261396408081055,,
,547,,6279,58.50148471441668,1.167264578362942,,,,,,,,0.026582002639770508,0.03585171699523926,0.062433719635009766,,
,548,,6292,58.54132691619267,1.1661750613146349,,,,,,,,0.028033018112182617,0.036818504333496094,0.06485152244567871,,
,549,,6306,58.58757987061952,1.1649734681082875,,,,,,,,0.023587942123413086,0.036590576171875,0.060178518295288086,,
,550,,6320,58.62917277155189,1.1638027856810182,,,,,,,,0.02705550193786621,0.037580251693725586,0.0646357536315918,,
,551,,6333,58.67244615688599,1.1626148485476684,,,,,,,,0.028693199157714844,0.03788185119628906,0.0665750503540039,,
,552,,6345,58.70434465349268,1.1617080771707005,,,,,,,,0.021680593490600586,0.039394378662109375,0.06107497215270996,,
,553,,6359,58.756001810382145,1.1603372965496017,,,,,,,,0.026499509811401367,0.03502774238586426,0.061527252197265625,,
,554,,6374,58.808993285955474,1.1589047589345454,,,,,,,,0.025133848190307617,0.0378110408782959,0.06294488906860352,,
,555,,6388,58.85920666013712,1.1575192820535052,,,,,,,,0.02662515640258789,0.03911948204040527,0.06574463844299316,,
,556,,6401,58.902040896117605,1.1563387341824123,,,,,,,,0.02924346923828125,0.035845041275024414,0.06508851051330566,,
,557,,6414,58.942262671192786,1.1552586795888216,,,,,,,,0.022397279739379883,0.03635740280151367,0.058754682540893555,,
,558,,6428,58.989682694179486,1.1539977604468825,,,,,,,,0.023282289505004883,0.03663325309753418,0.05991554260253906,,
,559,,6443,59.042775296174014,1.1525129033447736,,,,,,,,0.02341294288635254,0.03771805763244629,0.06113100051879883,,
,560,,6456,59.086812420048844,1.1513087991071125,,,,,,,,0.024199247360229492,0.037511587142944336,0.06171083450317383,,
,561,,6468,59.12192880634552,1.1502920466468853,,,,,,,,0.024958372116088867,0.03792929649353027,0.06288766860961914,,
,562,,6480,59.159087398138496,1.1493045328368927,,,,,,,,0.0225064754486084,0.039316654205322266,0.061823129653930664,,
,563,,6494,59.20868819607692,1.1479483758477127,,,,,,,,0.028059959411621094,0.03782081604003906,0.06588077545166016,,
,564,,6506,59.246980420817785,1.1468673864333145,,,,,,,,0.02283167839050293,0.03817248344421387,0.0610041618347168,,
,565,,6517,59.280317576129946,1.145932600606397,,,,,,,,0.02844834327697754,0.03575301170349121,0.06420135498046875,,
,566,,6529,59.32169688374411,1.1448215773618136,,,,,,,,0.029074430465698242,0.03997969627380371,0.06905412673950195,,
,567,,6541,59.36029383632398,1.1437781626474528,,,,,,,,0.03081512451171875,0.034876346588134766,0.06569147109985352,,
,568,,6552,59.39135250754364,1.1429369868699266,,,,,,,,0.03204345703125,0.03781008720397949,0.06985354423522949,,
,569,,6564,59.42492088909223,1.1419566262769925,,,,,,,,0.024350404739379883,0.039269208908081055,0.06361961364746094,,
,570,,6577,59.46287241733572,1.140860508529814,,,,,,,,0.03602457046508789,0.03833198547363281,0.0743565559387207,,
,571,,6590,59.50375954126002,1.1397848053319501,,,,,,,,0.023537874221801758,0.03748941421508789,0.06102728843688965,,
,572,,6603,59.546854273261324,1.1385366578711789,,,,,,,,0.025042057037353516,0.035857439041137695,0.06089949607849121,,
,573,,6615,59.577516740438085,1.1375912386476317,,,,,,,,0.026987552642822266,0.03809380531311035,0.06508135795593262,,
,574,,6628,59.61912403247121,1.1364730097686193,,,,,,,,0.02189183235168457,0.03865504264831543,0.060546875,,
,575,,6639,59.651701911116135,1.1355346397164716,,,,,,,,0.027017593383789062,0.036604881286621094,0.06362247467041016,,
,576,,6649,59.67990100127983,1.1346374908920194,,,,,,,,0.05571413040161133,0.039008378982543945,0.09472250938415527,,
,577,,6660,59.713923337091316,1.1336865974058796,,,,,,,,0.02564549446105957,0.0370638370513916,0.06270933151245117,,
,578,,6672,59.75738990171806,1.1325431899580773,,,,,,,,0.022577762603759766,0.038175106048583984,0.06075286865234375,,
,579,,6684,59.7925091739684,1.1314888564587746,,,,,,,,0.02340221405029297,0.038523197174072266,0.061925411224365234,,
,580,,6697,59.831171985948124,1.130387621758873,,,,,,,,0.02909541130065918,0.0359649658203125,0.06506037712097168,,
,581,,6709,59.86672759829889,1.1293908750727486,,,,,,,,0.026057004928588867,0.03832721710205078,0.06438422203063965,,
,582,,6716,59.88857419691436,1.1288017442182567,,,,,,,,0.027011394500732422,0.03630518913269043,0.06331658363342285,,
,583,,6723,59.91363264090537,1.1281211486812965,,,,,,,,0.02476024627685547,0.03614926338195801,0.06090950965881348,,
,584,,6732,59.94567439958361,1.1272965260292722,,,,,,,,0.027214527130126953,0.03819155693054199,0.06540608406066895,,
,585,,6741,59.97136518898047,1.126531264242495,,,,,,,,0.027100086212158203,0.039972782135009766,0.06707286834716797,,
,586,,6751,60.00685845629124,1.1256144461548252,,,,,,,,0.02738499641418457,0.03783679008483887,0.06522178649902344,,
,587,,6762,60.04515508179732,1.1246004082555603,,,,,,,,0.026061534881591797,0.036597490310668945,0.06265902519226074,,
,588,,6773,60.07870815165176,1.1237275567718117,,,,,,,,0.02403402328491211,0.03796648979187012,0.06200051307678223,,
,589,,6786,60.11885004056945,1.122642344545113,,,,,,,,0.02988719940185547,0.036147356033325195,0.06603455543518066,,
,590,,6800,60.163553551711445,1.1213406306220328,,,,,,,,0.025379419326782227,0.03901219367980957,0.0643916130065918,,
,591,,6814,60.21243480496584,1.1200832256039708,,,,,,,,0.027621746063232422,0.03950190544128418,0.0671236515045166,,
,592,,6827,60.25620463377081,1.1188700478750422,,,,,,,,0.032301902770996094,0.03624868392944336,0.06855058670043945,,
,593,,6839,60.29468271975408,1.117825761219531,,,,,,,,0.024776697158813477,0.0362238883972168,0.06100058555603027,,
,594,,6850,60.32745706978444,1.1169320180446562,,,,,,,,0.022504806518554688,0.03757882118225098,0.060083627700805664,,
,595,,6862,60.36613720913269,1.1158951194992186,,,,,,,,0.023546218872070312,0.03865766525268555,0.06220388412475586,,
,596,,6875,60.409537677466325,1.11472208785794,,,,,,,,0.023264408111572266,0.036624908447265625,0.05988931655883789,,
,597,,6888,60.444371775307026,1.1137144031299497,,,,,,,,0.024982452392578125,0.03826022148132324,0.06324267387390137,,
,598,,6902,60.490699107984625,1.112497836221857,,,,,,,,0.023161888122558594,0.040894269943237305,0.0640561580657959,,
,599,,6915,60.52728013029316,1.111480313716207,,,,,,,,0.025981426239013672,0.03612399101257324,0.062105417251586914,,
,600,,6926,60.55638866806389,1.1107152788764028,,,,,,,,0.025546789169311523,0.03598141670227051,0.06152820587158203,,
,601,,6937,60.586757702575945,1.1098962118710876,,,,,,,,0.024662494659423828,0.03855776786804199,0.06322026252746582,,
,602,,6949,60.622704026507236,1.1089081542451427,,,,,,,,0.02628946304321289,0.03682541847229004,0.06311488151550293,,
,603,,6961,60.65358272812253,1.1080252287109047,,,,,,,,0.023538827896118164,0.03432512283325195,0.05786395072937012,,
,604,,6974,60.68753140027273,1.1070260260246667,,,,,,,,0.033300161361694336,0.03732037544250488,0.07062053680419922,,
,605,,6987,60.726278744895765,1.1059785186263373,,,,,,,,0.03621172904968262,0.038182735443115234,0.07439446449279785,,
,606,,7001,60.767364338314145,1.1047919356274682,,,,,,,,0.029082298278808594,0.035330772399902344,0.06441307067871094,,
,607,,7013,60.79999643137535,1.1039773158470914,,,,,,,,0.02320408821105957,0.036203622817993164,0.059407711029052734,,
,608,,7026,60.84232742038897,1.1028635277771521,,,,,,,,0.026796817779541016,0.03643941879272461,0.06323623657226562,,
,609,,7041,60.88740491931471,1.1015854219392422,,,,,,,,0.025403499603271484,0.043553829193115234,0.06895732879638672,,
,610,,7056,60.93140384478967,1.1003350382522932,,,,,,,,0.028758525848388672,0.03858232498168945,0.06734085083007812,,
,611,,7070,60.97433628318584,1.0992121101015866,,,,,,,,0.02570056915283203,0.0381474494934082,0.06384801864624023,,
,612,,7082,61.0071824863948,1.098217927973609,,,,,,,,0.02981853485107422,0.041683197021484375,0.0715017318725586,,
,613,,7094,61.04212234530445,1.097207300946818,,,,,,,,0.029507875442504883,0.03567218780517578,0.06518006324768066,,
,614,,7106,61.07826477424808,1.0962384475676603,,,,,,,,0.035964012145996094,0.03791308403015137,0.07387709617614746,,
,615,,7119,61.11887435843352,1.0951326435194004,,,,,,,,0.027433156967163086,0.03692197799682617,0.06435513496398926,,
,616,,7134,61.168701326036626,1.0938170439544632,,,,,,,,0.03565669059753418,0.03726983070373535,0.07292652130126953,,
,617,,7149,61.21766260589512,1.092433754043623,,,,,,,,0.036222219467163086,0.038002729415893555,0.07422494888305664,,
,618,,7162,61.262579495422465,1.091211892329458,,,,,,,,0.022185802459716797,0.03734540939331055,0.059531211853027344,,
,619,,7175,61.305807464248346,1.090033085084543,,,,,,,,0.022075414657592773,0.038773298263549805,0.06084871292114258,,
,620,,7187,61.340230865659166,1.089061026901102,,,,,,,,0.0231781005859375,0.037981510162353516,0.061159610748291016,,
,621,,7199,61.374322116387404,1.0880948869300098,,,,,,,,0.022342920303344727,0.03815007209777832,0.06049299240112305,,
,622,,7212,61.41430703032827,1.0869775134460569,,,,,,,,0.024366140365600586,0.03605914115905762,0.0604252815246582,,
,623,,7226,61.45753965505299,1.085798433624309,,,,,,,,0.024100303649902344,0.04433465003967285,0.0684349536895752,,
,624,,7238,61.490387939976486,1.0848546324678139,,,,,,,,0.026246309280395508,0.037566423416137695,0.0638127326965332,,
,625,,7249,61.52126631222813,1.0840081200712812,,,,,,,,0.02263641357421875,0.038161277770996094,0.060797691345214844,,
,626,,7259,61.54955009308419,1.0832521820432934,,,,,,,,0.025883913040161133,0.0360870361328125,0.06197094917297363,,
,627,,7269,61.573571945047,1.0825570866041228,,,,,,,,0.03273797035217285,0.03729557991027832,0.07003355026245117,,
,628,,7279,61.601064195578175,1.0818388372974943,,,,,,,,0.05809974670410156,0.037580013275146484,0.09567975997924805,,
,629,,7291,61.637731282825854,1.0807841641596194,,,,,,,,0.027057170867919922,0.04415440559387207,0.07121157646179199,,
,630,,7303,61.66870866033791,1.0798352164355725,,,,,,,,0.0258944034576416,0.03756356239318848,0.06345796585083008,,
,631,,7316,61.7009767028155,1.0788784169960113,,,,,,,,0.027047157287597656,0.0427708625793457,0.06981801986694336,,
,632,,7330,61.74369174036262,1.0776705899147512,,,,,,,,0.03798389434814453,0.037970542907714844,0.07595443725585938,,
,633,,7342,61.77646156468383,1.0767532920023948,,,,,,,,0.02438664436340332,0.03726696968078613,0.06165361404418945,,
,634,,7354,61.81146411190144,1.075855570965109,,,,,,,,0.024291038513183594,0.03818631172180176,0.06247735023498535,,
,635,,7366,61.84677720770616,1.0749467383405613,,,,,,,,0.023340463638305664,0.0377042293548584,0.06104469299316406,,
,636,,7378,61.87709895179619,1.0741112945355449,,,,,,,,0.03071451187133789,0.03583359718322754,0.06654810905456543,,
,637,,7390,61.907745453313915,1.0731992776484225,,,,,,,,0.02766871452331543,0.0368192195892334,0.06448793411254883,,
,638,,7402,61.938715131022825,1.0723082001822537,,,,,,,,0.024390220642089844,0.03675413131713867,0.061144351959228516,,
,639,,7414,61.975492016338656,1.0713175997069688,,,,,,,,0.02643871307373047,0.0375368595123291,0.06397557258605957,,
,640,,7427,62.012005054759896,1.0702645808911764,,,,,,,,0.029590845108032227,0.0353999137878418,0.06499075889587402,,
,641,,7441,62.05412700548249,1.0691353210741563,,,,,,,,0.027858257293701172,0.035800933837890625,0.0636591911315918,,
,642,,7453,62.082969542294904,1.0683068260680457,,,,,,,,0.033503055572509766,0.0370485782623291,0.07055163383483887,,
,643,,7467,62.12418300653595,1.067181842688242,,,,,,,,0.02978062629699707,0.03645205497741699,0.06623268127441406,,
,644,,7481,62.16816934863337,1.0660038673611603,,,,,,,,0.02931690216064453,0.03540778160095215,0.06472468376159668,,
,645,,7493,62.200432546177225,1.0650924233716972,,,,,,,,0.030714035034179688,0.03697514533996582,0.06768918037414551,,
,646,,7506,62.24054716414925,1.064027967042139,,,,,,,,0.022266149520874023,0.036963462829589844,0.05922961235046387,,
,647,,7519,62.278234530506275,1.0630848416544558,,,,,,,,0.026337385177612305,0.036234378814697266,0.06257176399230957,,
,648,,7533,62.32100734243662,1.061983168837275,,,,,,,,0.036176443099975586,0.03630638122558594,0.07248282432556152,,
,649,,7548,62.366747902781924,1.060750416953316,,,,,,,,0.02751016616821289,0.03607654571533203,0.06358671188354492,,
,650,,7562,62.40608969055105,1.0597112535744613,,,,,,,,0.02201223373413086,0.037026405334472656,0.059038639068603516,,
,651,,7575,62.44176826246407,1.05875335948302,,,,,,,,0.026680946350097656,0.04222297668457031,0.06890392303466797,,
,652,,7588,62.47649988456084,1.0577702568112453,,,,,,,,0.024689912796020508,0.03901791572570801,0.06370782852172852,,
,653,,7600,62.50473375703889,1.056961298682972,,,,,,,,0.020423173904418945,0.039579153060913086,0.06000232696533203,,
,654,,7612,62.53349498602663,1.0561441546379424,,,,,,,,0.03130674362182617,0.0360260009765625,0.06733274459838867,,
,655,,7625,62.568106475859125,1.0551618495065658,,,,,,,,0.022003889083862305,0.036847591400146484,0.05885148048400879,,
,656,,7638,62.60260001965988,1.0542328835126773,,,,,,,,0.02424335479736328,0.03696322441101074,0.06120657920837402,,
,657,,7651,62.63922508259461,1.0532298568432168,,,,,,,,0.02807140350341797,0.03593587875366211,0.06400728225708008,,
,658,,7665,62.678355699219644,1.0521097460993738,,,,,,,,0.022668123245239258,0.03592658042907715,0.058594703674316406,,
,659,,7679,62.71958413453704,1.0509395471912666,,,,,,,,0.022205829620361328,0.03607916831970215,0.05828499794006348,,
,660,,7691,62.751984966320656,1.0499896211248119,,,,,,,,0.0414431095123291,0.03534436225891113,0.07678747177124023,,
,661,,7704,62.789932755092096,1.0489718845599598,,,,,,,,0.022064685821533203,0.03555941581726074,0.057624101638793945,,
,662,,7718,62.82507539154966,1.0479370801212196,,,,,,,,0.023613929748535156,0.03651833534240723,0.06013226509094238,,
,663,,7732,62.863327399255546,1.046876562968382,,,,,,,,0.024473190307617188,0.03636360168457031,0.0608367919921875,,
,664,,7745,62.89987720942256,1.0459222131848258,,,,,,,,0.03120899200439453,0.03584170341491699,0.06705069541931152,,
,665,,7759,62.9394735993291,1.0448103037510725,,,,,,,,0.021787405014038086,0.03655672073364258,0.058344125747680664,,
,666,,7773,62.9773173637271,1.0437094985146667,,,,,,,,0.02347707748413086,0.036388397216796875,0.059865474700927734,,
,667,,7788,63.02158649056846,1.0424845194339782,,,,,,,,0.03211545944213867,0.03773379325866699,0.06984925270080566,,
,668,,7803,63.0692934346836,1.0411772882916996,,,,,,,,0.02506113052368164,0.03551816940307617,0.06057929992675781,,
,669,,7816,63.10676891550062,1.0401227131138957,,,,,,,,0.023200035095214844,0.03677535057067871,0.059975385665893555,,
,670,,7830,63.14290052422964,1.0390927286040736,,,,,,,,0.026561260223388672,0.03597664833068848,0.06253790855407715,,
,671,,7843,63.17992883584376,1.0381561697239963,,,,,,,,0.05913734436035156,0.04540109634399414,0.1045384407043457,,
,672,,7856,63.21464413151523,1.037125236669635,,,,,,,,0.031244277954101562,0.03899192810058594,0.0702362060546875,,
,673,,7869,63.25163008905852,1.0360698157703427,,,,,,,,0.02929377555847168,0.03829598426818848,0.06758975982666016,,
,674,,7883,63.29672815595631,1.0348689722580822,,,,,,,,0.023137807846069336,0.04311776161193848,0.06625556945800781,,
,675,,7899,63.34897813688213,1.0334761514986206,,,,,,,,0.028064250946044922,0.03723549842834473,0.06529974937438965,,
,676,,7915,63.40141190235264,1.0320599581855652,,,,,,,,0.025658130645751953,0.037683725357055664,0.06334185600280762,,
,677,,7929,63.4436158459596,1.0308741272615896,,,,,,,,0.023651838302612305,0.03668355941772461,0.060335397720336914,,
,678,,7940,63.476981149918046,1.0299888037895826,,,,,,,,0.0275728702545166,0.038491249084472656,0.06606411933898926,,
,679,,7947,63.49836230788612,1.0294290716762555,,,,,,,,0.02677011489868164,0.03809332847595215,0.06486344337463379,,
,680,,7955,63.524296816008054,1.02874616102967,,,,,,,,0.030964136123657227,0.03599977493286133,0.06696391105651855,,
,681,,7962,63.539505532503455,1.0282901589036049,,,,,,,,0.023367881774902344,0.03793597221374512,0.06130385398864746,,
,682,,7971,63.56168362220548,1.0277000237398832,,,,,,,,0.02899622917175293,0.03545784950256348,0.0644540786743164,,
,683,,7979,63.58277132998745,1.0270666148742797,,,,,,,,0.024118423461914062,0.037322282791137695,0.06144070625305176,,
,684,,7986,63.596511846558855,1.026640783554102,,,,,,,,0.026180505752563477,0.03793764114379883,0.0641181468963623,,
,685,,7995,63.61738511144503,1.0260446581544542,,,,,,,,0.024878501892089844,0.037665367126464844,0.06254386901855469,,
,686,,8004,63.63860225140713,1.0254146310555257,,,,,,,,0.02601027488708496,0.0388791561126709,0.06488943099975586,,
,687,,8012,63.66186898663001,1.0247926560141745,,,,,,,,0.024192333221435547,0.03818655014038086,0.062378883361816406,,
,688,,8020,63.68391898639371,1.024180855999638,,,,,,,,0.02689957618713379,0.037915706634521484,0.06481528282165527,,
,689,,8031,63.715018075292946,1.0233324633289906,,,,,,,,0.027381420135498047,0.03554344177246094,0.06292486190795898,,
,690,,8045,63.75198326281732,1.0222444488440632,,,,,,,,0.02286386489868164,0.03871870040893555,0.06158256530761719,,
,691,,8059,63.795419254658384,1.021091377817234,,,,,,,,0.02523350715637207,0.0386815071105957,0.06391501426696777,,
,692,,8073,63.83192274305556,1.0200366115172852,,,,,,,,0.023015260696411133,0.03659486770629883,0.05961012840270996,,
,693,,8087,63.8704273953949,1.0189732441401562,,,,,,,,0.029308795928955078,0.03709697723388672,0.0664057731628418,,
,694,,8101,63.90667480227385,1.01793687234115,,,,,,,,0.029338359832763672,0.03602290153503418,0.06536126136779785,,
,695,,8117,63.95612358164775,1.0166380298288935,,,,,,,,0.0303952693939209,0.0355222225189209,0.0659174919128418,,
,696,,8133,64.00614691038898,1.0152286036540321,,,,,,,,0.02573084831237793,0.03641510009765625,0.06214594841003418,,
,697,,8148,64.04714184789286,1.0140382124272906,,,,,,,,0.02457571029663086,0.03555560111999512,0.06013131141662598,,
,698,,8161,64.0822420878312,1.01300690422352,,,,,,,,0.024532318115234375,0.036145687103271484,0.06067800521850586,,
,699,,8174,64.11837875076546,1.0120145472612916,,,,,,,,0.02368450164794922,0.03565073013305664,0.05933523178100586,,
,700,,8189,64.16220965770171,1.0108080477119292,,,,,,,,0.027784347534179688,0.03616070747375488,0.06394505500793457,,
,701,,8202,64.19904949347004,1.0097731375906474,,,,,,,,0.027261734008789062,0.03664851188659668,0.06391024589538574,,
,702,,8215,64.23329728247624,1.0087903604119999,,,,,,,,0.02758169174194336,0.03574657440185547,0.06332826614379883,,
,703,,8228,64.2640147828203,1.0078916853646023,,,,,,,,0.026839733123779297,0.03572678565979004,0.06256651878356934,,
,704,,8243,64.30767245567161,1.0066966752172688,,,,,,,,0.027439117431640625,0.03596687316894531,0.06340599060058594,,
,705,,8258,64.35287610619469,1.0054826150472587,,,,,,,,0.026155948638916016,0.03563952445983887,0.06179547309875488,,
,706,,8271,64.3853258896151,1.004538516360303,,,,,,,,0.02321171760559082,0.03622603416442871,0.05943775177001953,,
,707,,8283,64.41261783901378,1.0037554330538252,,,,,,,,0.03014397621154785,0.03517794609069824,0.0653219223022461,,
,708,,8296,64.44845842886448,1.0027715569899105,,,,,,,,0.026350736618041992,0.03847813606262207,0.06482887268066406,,
,709,,8309,64.48418674698796,1.0017732248070697,,,,,,,,0.023950576782226562,0.03650808334350586,0.06045866012573242,,
,710,,8322,64.51604414772044,1.0008871765094174,,,,,,,,0.024634599685668945,0.036739349365234375,0.06137394905090332,,
,711,,8336,64.55337306352828,0.9998308846927221,,,,,,,,0.028407573699951172,0.036525726318359375,0.06493330001831055,,
,712,,8350,64.5909513247812,0.9987921165509852,,,,,,,,0.024768829345703125,0.03719806671142578,0.061966896057128906,,
,713,,8365,64.63488062470081,0.9976526750181509,,,,,,,,0.03038620948791504,0.03820490837097168,0.06859111785888672,,
,714,,8380,64.67566598972644,0.9965527890743532,,,,,,,,0.024361133575439453,0.03716683387756348,0.06152796745300293,,
,715,,8394,64.71396094215862,0.9954949050932264,,,,,,,,0.02346038818359375,0.03852510452270508,0.06198549270629883,,
,716,,8408,64.7489656506727,0.99454785460211,,,,,,,,0.025529146194458008,0.036509037017822266,0.06203818321228027,,
,717,,8423,64.787110767768,0.9934424472087978,,,,,,,,0.02349710464477539,0.03595471382141113,0.05945181846618652,,
,718,,8437,64.82650836497389,0.9923735295915909,,,,,,,,0.027657747268676758,0.03612208366394043,0.06377983093261719,,
,719,,8451,64.86188847429518,0.9913473718424631,,,,,,,,0.024956226348876953,0.03840494155883789,0.06336116790771484,,
,720,,8465,64.90103181173131,0.9902682040104553,,,,,,,,0.02483081817626953,0.03686976432800293,0.06170058250427246,,
,721,,8480,64.9463980049581,0.9890364277861872,,,,,,,,0.024039268493652344,0.03587508201599121,0.059914350509643555,,
,722,,8495,64.98736890172049,0.9878408524360707,,,,,,,,0.024048328399658203,0.037634849548339844,0.06168317794799805,,
,723,,8509,65.02555147058824,0.9867848789146244,,,,,,,,0.024143218994140625,0.036870479583740234,0.06101369857788086,,
,724,,8523,65.0650766384778,0.985686251626361,,,,,,,,0.02534174919128418,0.03603243827819824,0.06137418746948242,,
,725,,8537,65.10300627345215,0.9846426380299231,,,,,,,,0.023628950119018555,0.037941694259643555,0.06157064437866211,,
,726,,8552,65.1450749151352,0.983462816975502,,,,,,,,0.025050878524780273,0.037015438079833984,0.06206631660461426,,
,727,,8566,65.18237992287017,0.98242583238032,,,,,,,,0.024135112762451172,0.03724312782287598,0.06137824058532715,,
,728,,8579,65.21410129241183,0.9814065391158068,,,,,,,,0.09373116493225098,0.0362398624420166,0.12997102737426758,,
,729,,8592,65.25040781846252,0.9803836732960586,,,,,,,,0.02234649658203125,0.037854671478271484,0.060201168060302734,,
,730,,8607,65.29249905493036,0.9792019406029941,,,,,,,,0.02711772918701172,0.037363529205322266,0.06448125839233398,,
,731,,8623,65.33955678750762,0.9779122824197742,,,,,,,,0.024686098098754883,0.03794121742248535,0.06262731552124023,,
,732,,8636,65.37458339371106,0.9769763463850152,,,,,,,,0.0364222526550293,0.03577280044555664,0.07219505310058594,,
,733,,8649,65.40896200480366,0.9760302641630476,,,,,,,,0.030426979064941406,0.03653144836425781,0.06695842742919922,,
,734,,8663,65.44993932915379,0.9749582291344332,,,,,,,,0.030663251876831055,0.036188602447509766,0.06685185432434082,,
,735,,8677,65.48573653696386,0.9739331052770287,,,,,,,,0.021509885787963867,0.038013458251953125,0.05952334403991699,,
,736,,8690,65.51906627113274,0.97305600680368,,,,,,,,0.02556777000427246,0.035669803619384766,0.06123757362365723,,
,737,,8703,65.55175711040175,0.9721371058238096,,,,,,,,0.028070449829101562,0.03715014457702637,0.06522059440612793,,
,738,,8716,65.58524766690596,0.9712164429498955,,,,,,,,0.0275421142578125,0.03645443916320801,0.06399655342102051,,
,739,,8730,65.62222270003727,0.9701917529362174,,,,,,,,0.023037433624267578,0.03771710395812988,0.06075453758239746,,
,740,,8744,65.65854251939204,0.9691984612879847,,,,,,,,0.024025678634643555,0.03675222396850586,0.060777902603149414,,
,741,,8757,65.68743033524822,0.9683958936924666,,,,,,,,0.022303342819213867,0.03614330291748047,0.058446645736694336,,
,742,,8769,65.7142806176328,0.9676302289905672,,,,,,,,0.028523683547973633,0.03569388389587402,0.06421756744384766,,
,743,,8781,65.74426393045461,0.9668136712372839,,,,,,,,0.029278278350830078,0.03614401817321777,0.06542229652404785,,
,744,,8794,65.77859521302331,0.9658701885487373,,,,,,,,0.025377988815307617,0.038367509841918945,0.06374549865722656,,
,745,,8807,65.81175935661713,0.9649595035483486,,,,,,,,0.027417421340942383,0.036725759506225586,0.06414318084716797,,
,746,,8820,65.84269742629324,0.9641028225075563,,,,,,,,0.022650957107543945,0.03587174415588379,0.058522701263427734,,
,747,,8834,65.87493271382837,0.9631519844978609,,,,,,,,0.02225184440612793,0.038660287857055664,0.060912132263183594,,
,748,,8849,65.9156956189722,0.9620595126704236,,,,,,,,0.02581930160522461,0.038379669189453125,0.06419897079467773,,
,749,,8862,65.94951142364935,0.9611092902294563,,,,,,,,0.02221846580505371,0.03654980659484863,0.058768272399902344,,
,750,,8876,65.98706471168758,0.960120990991579,,,,,,,,0.024805307388305664,0.043259382247924805,0.06806468963623047,,
,751,,8889,66.01926542219219,0.9591994091243118,,,,,,,,0.02813243865966797,0.03723001480102539,0.06536245346069336,,
,752,,8902,66.05277769968231,0.9583161228883135,,,,,,,,0.026812314987182617,0.03854727745056152,0.06535959243774414,,
,753,,8915,66.08689396704192,0.9574198800429025,,,,,,,,0.026154041290283203,0.042116403579711914,0.06827044486999512,,
,754,,8928,66.11648444070647,0.9565374694137057,,,,,,,,0.06914806365966797,0.03813600540161133,0.1072840690612793,,
,755,,8942,66.15070256955718,0.9555972926760248,,,,,,,,0.02597188949584961,0.037961483001708984,0.0639333724975586,,
,756,,8958,66.19673791561888,0.9544085311190003,,,,,,,,0.025349855422973633,0.03658890724182129,0.06193876266479492,,
,757,,8973,66.24076011157601,0.9532413795377835,,,,,,,,0.02708721160888672,0.037523746490478516,0.06461095809936523,,
,758,,8987,66.28140143708572,0.9521299222774602,,,,,,,,0.02373218536376953,0.03613567352294922,0.05986785888671875,,
,759,,9001,66.3189616817752,0.9510642323473694,,,,,,,,0.022191762924194336,0.03601646423339844,0.05820822715759277,,
,760,,9016,66.3630906112931,0.9498854322753972,,,,,,,,0.029700040817260742,0.03688669204711914,0.06658673286437988,,
,761,,9029,66.39823695736541,0.9489086721757147,,,,,,,,0.024226903915405273,0.037140846252441406,0.06136775016784668,,
,762,,9042,66.43241709572054,0.9479950651035349,,,,,,,,0.022199630737304688,0.03601861000061035,0.05821824073791504,,
,763,,9056,66.46847880161407,0.9469675819715321,,,,,,,,0.021677017211914062,0.03687882423400879,0.05855584144592285,,
,764,,9067,66.48971042897367,0.946369965993886,,,,,,,,0.027097463607788086,0.03676724433898926,0.06386470794677734,,
,765,,9076,66.50953477469527,0.9457963136024362,,,,,,,,0.021116971969604492,0.0387120246887207,0.059828996658325195,,
,766,,9085,66.53190258416441,0.9451558074209148,,,,,,,,0.025529146194458008,0.03767514228820801,0.06320428848266602,,
,767,,9094,66.55233390213023,0.9445900433003077,,,,,,,,0.0282132625579834,0.03599381446838379,0.06420707702636719,,
,768,,9102,66.5709385139966,0.944073376913132,,,,,,,,0.02238178253173828,0.038763999938964844,0.061145782470703125,,
,769,,9111,66.59197983627273,0.9434810293327898,,,,,,,,0.025297164916992188,0.03697943687438965,0.062276601791381836,,
,770,,9120,66.6117789121247,0.942909664242414,,,,,,,,0.022494077682495117,0.03859996795654297,0.061094045639038086,,
,771,,9128,66.63216342199068,0.9423528199625266,,,,,,,,0.02319812774658203,0.03707766532897949,0.06027579307556152,,
,772,,9136,66.64806038025314,0.9419068132352652,,,,,,,,0.02361011505126953,0.03699684143066406,0.060606956481933594,,
,773,,9145,66.67031583556845,0.9412779056696764,,,,,,,,0.03229880332946777,0.03591108322143555,0.06820988655090332,,
,774,,9154,66.69116038716028,0.9407248619568642,,,,,,,,0.025308847427368164,0.0367889404296875,0.062097787857055664,,
,775,,9164,66.71679548806468,0.9400079308906167,,,,,,,,0.021126985549926758,0.03658866882324219,0.057715654373168945,,
,776,,9175,66.74259370396639,0.9392556342490688,,,,,,,,0.025298595428466797,0.035352230072021484,0.06065082550048828,,
,777,,9187,66.77058927695745,0.9384791859348256,,,,,,,,0.023010969161987305,0.03748607635498047,0.06049704551696777,,
,778,,9201,66.8040367771068,0.9375778718116348,,,,,,,,0.02202320098876953,0.03587150573730469,0.05789470672607422,,
,779,,9215,66.83823129990765,0.9366021719579779,,,,,,,,0.03552699089050293,0.0361025333404541,0.07162952423095703,,
,780,,9229,66.8745254108586,0.9355844246555168,,,,,,,,0.0230410099029541,0.03686261177062988,0.059903621673583984,,
,781,,9247,66.92656173875386,0.9342314442505872,,,,,,,,0.021846532821655273,0.03646206855773926,0.05830860137939453,,
,782,,9263,66.96773583376118,0.9329994529313574,,,,,,,,0.031530141830444336,0.036411285400390625,0.06794142723083496,,
,783,,9280,67.0161834120027,0.9316526951846378,,,,,,,,0.061592817306518555,0.0380406379699707,0.09963345527648926,,
,784,,9295,67.05752659216373,0.9305062282159163,,,,,,,,0.024936914443969727,0.03688788414001465,0.061824798583984375,,
,785,,9310,67.09890442263745,0.9293615032703677,,,,,,,,0.024306774139404297,0.0390324592590332,0.0633392333984375,,
,786,,9323,67.1352726394072,0.9283723855719,,,,,,,,0.023789167404174805,0.03728628158569336,0.061075448989868164,,
,787,,9335,67.1661750904947,0.9275146554092002,,,,,,,,0.022753238677978516,0.03880667686462402,0.06155991554260254,,
,788,,9347,67.19532442492569,0.9266365372442403,,,,,,,,0.02586078643798828,0.0386662483215332,0.06452703475952148,,
,789,,9359,67.22490037709609,0.9258081674876727,,,,,,,,0.026090621948242188,0.037116289138793945,0.06320691108703613,,
,790,,9372,67.25589562802126,0.9249240437270521,,,,,,,,0.022470474243164062,0.03759956359863281,0.060070037841796875,,
,791,,9386,67.29079442118457,0.9239480942781422,,,,,,,,0.03226828575134277,0.03700900077819824,0.06927728652954102,,
,792,,9399,67.32110995712497,0.9230416199898501,,,,,,,,0.02732539176940918,0.03538656234741211,0.06271195411682129,,
,793,,9412,67.35350238012924,0.9221419104550286,,,,,,,,0.02413797378540039,0.03684043884277344,0.06097841262817383,,
,794,,9426,67.38727794152793,0.9211990365593734,,,,,,,,0.023425579071044922,0.03857111930847168,0.0619966983795166,,
,795,,9441,67.42739070494976,0.9201047874299756,,,,,,,,0.023502349853515625,0.03811359405517578,0.061615943908691406,,
,796,,9455,67.46310390469887,0.9191067552326975,,,,,,,,0.06918454170227051,0.036386966705322266,0.10557150840759277,,
,797,,9469,67.49705929000027,0.918143994427178,,,,,,,,0.024577617645263672,0.03638148307800293,0.0609591007232666,,
,798,,9483,67.53239897590203,0.9171675226181591,,,,,,,,0.031167030334472656,0.03526568412780762,0.06643271446228027,,
,799,,9496,67.5627322807665,0.9163010167836728,,,,,,,,0.028947114944458008,0.03674173355102539,0.0656888484954834,,
,800,,9510,67.59771022502962,0.9153134514833287,,,,,,,,0.030383586883544922,0.03545665740966797,0.06584024429321289,,
,801,,9524,67.63192820162413,0.9143548595364268,,,,,,,,0.02628803253173828,0.03714323043823242,0.0634312629699707,,
,802,,9539,67.6722271785049,0.9132682972030453,,,,,,,,0.026376962661743164,0.03600716590881348,0.06238412857055664,,
,803,,9553,67.71016191998324,0.9122330094415156,,,,,,,,0.022970199584960938,0.035910844802856445,0.05888104438781738,,
,804,,9566,67.74330176090426,0.9113443194425694,,,,,,,,0.02498459815979004,0.03966546058654785,0.06465005874633789,,
,805,,9580,67.7754735467015,0.9104388605881023,,,,,,,,0.027548551559448242,0.03741908073425293,0.06496763229370117,,
,806,,9594,67.8083665962276,0.909514944157036,,,,,,,,0.03578042984008789,0.03494000434875488,0.07072043418884277,,
,807,,9608,67.84425717039623,0.9085842302103188,,,,,,,,0.02750086784362793,0.039171457290649414,0.06667232513427734,,
,808,,9620,67.87270716794588,0.9077848514754968,,,,,,,,0.02781224250793457,0.036318063735961914,0.06413030624389648,,
,809,,9630,67.89571150097466,0.9071329602950396,,,,,,,,0.027563810348510742,0.038001298904418945,0.06556510925292969,,
,810,,9638,67.91687225699224,0.9065444766694356,,,,,,,,0.026396989822387695,0.03813767433166504,0.06453466415405273,,
,811,,9645,67.93402101985208,0.9060500563666448,,,,,,,,0.0280301570892334,0.035867929458618164,0.06389808654785156,,
,812,,9655,67.95803629293584,0.9053580335165354,,,,,,,,0.025598526000976562,0.03599381446838379,0.06159234046936035,,
,813,,9667,67.98895735701525,0.9045505100053667,,,,,,,,0.029287338256835938,0.03893136978149414,0.06821870803833008,,
,814,,9678,68.01212920578271,0.9038621073018657,,,,,,,,0.022952556610107422,0.03919339179992676,0.06214594841003418,,
,815,,9689,68.04057632197566,0.9031111718366815,,,,,,,,0.02344679832458496,0.03883004188537598,0.06227684020996094,,
,816,,9701,68.07354420908692,0.902238201325013,,,,,,,,0.02913665771484375,0.03973889350891113,0.06887555122375488,,
,817,,9713,68.10385368619063,0.9014248613536229,,,,,,,,0.030846357345581055,0.03612875938415527,0.06697511672973633,,
,818,,9727,68.14129120242904,0.9004087639681307,,,,,,,,0.027725696563720703,0.0379335880279541,0.0656592845916748,,
,819,,9742,68.18044600878657,0.8993215806639995,,,,,,,,0.02926921844482422,0.035385847091674805,0.06465506553649902,,
,820,,9754,68.2121000230941,0.8984490070978601,,,,,,,,0.02764153480529785,0.03615713119506836,0.06379866600036621,,
,821,,9767,68.24484919150245,0.8975373291595207,,,,,,,,0.02276921272277832,0.03617668151855469,0.05894589424133301,,
,822,,9782,68.28320497402963,0.8964644727062726,,,,,,,,0.023151874542236328,0.03984665870666504,0.06299853324890137,,
,823,,9797,68.31904810566385,0.8954366168827259,,,,,,,,0.02082347869873047,0.038983821868896484,0.05980730056762695,,
,824,,9814,68.36490398102573,0.8942213614873812,,,,,,,,0.028753995895385742,0.03684067726135254,0.06559467315673828,,
,825,,9829,68.40416592396424,0.8931501927482463,,,,,,,,0.021539926528930664,0.03606128692626953,0.057601213455200195,,
,826,,9841,68.43272336529414,0.8923303867378815,,,,,,,,0.02730083465576172,0.03560137748718262,0.06290221214294434,,
,827,,9854,68.46219298468417,0.8914832571388707,,,,,,,,0.025023221969604492,0.037600040435791016,0.06262326240539551,,
,828,,9866,68.49219285116314,0.890651251345166,,,,,,,,0.02419900894165039,0.03699827194213867,0.06119728088378906,,
,829,,9877,68.5162367280744,0.8899711315295975,,,,,,,,0.025992393493652344,0.04306602478027344,0.06905841827392578,,
,830,,9888,68.54022704837118,0.889316539697554,,,,,,,,0.024460792541503906,0.03915858268737793,0.06361937522888184,,
,831,,9901,68.57241714906849,0.8884221830746463,,,,,,,,0.028217077255249023,0.038512468338012695,0.06672954559326172,,
,832,,9914,68.60420716467648,0.8875206617786142,,,,,,,,0.024000883102416992,0.04315924644470215,0.06716012954711914,,
,833,,9926,68.62975617136085,0.8867799384471043,,,,,,,,0.03517508506774902,0.03877973556518555,0.07395482063293457,,
,834,,9938,68.65618782582416,0.8860871036173197,,,,,,,,0.02455925941467285,0.036499977111816406,0.06105923652648926,,
,835,,9951,68.68712115495863,0.8852127146066798,,,,,,,,0.026726484298706055,0.038062334060668945,0.064788818359375,,
,836,,9965,68.72048850935577,0.8842627681698323,,,,,,,,0.027274370193481445,0.036223649978637695,0.06349802017211914,,
,837,,9980,68.75705329153605,0.8832348099676426,,,,,,,,0.023023366928100586,0.035303354263305664,0.05832672119140625,,
,838,,9994,68.79132127920663,0.8822864560212449,,,,,,,,0.023054122924804688,0.03409147262573242,0.05714559555053711,,
,839,,10000,68.80615692654236,0.8818676348209381,,,,,,,,0.01241755485534668,0.013848066329956055,0.026265621185302734,,
16766,,839,,,,66.96,67.02570505062691,67.49583170970766,66.96,1.6766,202.226765625,170.90581846237183,,,,31.320947162628187,16780
