Iter,LR,Original_Steps,Train_Acc,Train_Loss,Val_Acc,Val_F1,Val_Precision,Val_Recall,final_test_accuracy,final_test_f1-score,final_test_precision,final_test_recall,time
5,0.001,5,14.90234375,2.2848127841949464,,,,,,,,,
10,0.001,10,19.990234375,2.2021873950958253,,,,,,,,,
15,0.001,15,23.157552083333332,2.127164053916931,,,,,,,,,
20,0.001,20,25.3466796875,2.0717546224594114,,,,,,,,,
25,0.001,25,27.02734375,2.026624641418457,,,,,,,,,
30,0.001,30,28.544921875,1.98515895207723,,,,,,,,,
35,0.001,35,29.832589285714285,1.948842522076198,,,,,,,,,
40,0.001,40,31.083984375,1.9152954459190368,,,,,,,,,
45,0.001,45,32.029079861111114,1.8880916436513264,,,,,,,,,
50,0.001,50,32.75321417372217,1.8633230543136596,,,,,,,,,
55,0.001,55,33.6794670846395,1.839105521548878,,,,,,,,,
60,0.001,60,34.40193261948289,1.8182234267393749,,,,,,,,,
65,0.001,65,35.115389250421785,1.7990896481734056,,,,,,,,,
70,0.001,70,35.83855448646229,1.7799440809658595,,,,,,,,,
75,0.001,75,36.52249947797035,1.7610880263646445,,,,,,,,,
80,0.001,80,37.04736739087884,1.7456695020198822,,,,,,,,,
85,0.001,85,37.64965923742862,1.7293639730004704,,,,,,,,,
90,0.001,90,38.18707601321969,1.7148545808262294,,,,,,,,,
95,0.001,95,38.63898500576701,1.701894638412877,,,,,,,,,
100,0.001,100,39.0816086547507,1.689954367876053,,,,,,,,,
105,0.001,105,39.5248581666169,1.6772418249221075,,,,,,,,,
110,0.001,110,39.91699914505557,1.6658864454789595,,,,,,,,,
115,0.001,115,40.35670482420278,1.6548259102779885,,,,,,,,,
120,0.001,120,40.71967223818229,1.6442927608887354,,,,,,,,,
125,0.001,125,41.10914389571321,1.634201633453369,,,,,,,,,
130,0.001,130,41.442214991564235,1.6253978811777554,,,,,,,,,
135,0.001,135,41.801317010907404,1.616304009932059,,,,,,,,,
140,0.001,140,42.08715596330275,1.6078006148338317,,,,,,,,,
145,0.001,145,42.37348779434003,1.6000795520585158,,,,,,,,,
150,0.001,150,42.6668495871224,1.5915785479545592,,,,,,,,,
155,0.001,155,42.92758167290381,1.5842856322565386,,,,,,,,,
160,0.001,160,43.20686783579896,1.5771052666008472,,,,,,,,,
165,0.001,165,43.49114182578133,1.570242037195148,,,,,,,,,
170,0.001,170,43.79724808702867,1.562673557505888,,,,,,,,,
175,0.001,175,44.03431987104862,1.555937319483076,,,,,,,,,
180,0.001,180,44.31966570906242,1.54903122054206,,,,,,,,,
185,0.001,185,44.57895739815364,1.5420656597292102,,,,,,,,,
190,0.001,190,44.84621093427888,1.5351014488621761,,,,,,,,,
195,0.001,195,45.08767172812726,1.528503557963249,,,,,,,,,
200,0.001,200,45.34483772342427,1.521654514670372,,,,,,,,,
205,0.001,205,45.60263077393699,1.5152477380706042,,,,,,,,,
210,0.001,210,45.8000522544043,1.509774187065306,,,,,,,,,
215,0.001,215,46.0165135608049,1.5039756824803907,,,,,,,,,
220,0.001,220,46.24670490168139,1.4981887503103777,,,,,,,,,
225,0.001,225,46.503204235163,1.491794121000502,,,,,,,,,
230,0.001,230,46.698265876260564,1.4862758092258288,,,,,,,,,
235,0.001,235,46.88458588957055,1.4811073222058884,,,,,,,,,
240,0.001,240,47.10759989553408,1.475394473473231,,,,,,,,,
245,0.001,245,47.3012,1.470065806836498,,,,,,,,,
250,0.001,250,47.497648165569146,1.4646077895164489,,,,,,,,,
255,0.001,255,47.70173685828466,1.4591455239875644,,,,,,,,,
260,0.001,260,47.91566174253844,1.4536787413633787,,,,,,,,,
265,0.001,265,48.11520260278024,1.4486504014932884,,,,,,,,,
270,0.001,270,48.32184325108853,1.4439025786187913,,,,,,,,,
275,0.001,275,48.49814762040467,1.4390717636455188,,,,,,,,,
280,0.001,280,48.6828295549958,1.43380049935409,,,,,,,,,
285,0.001,285,48.86238658234809,1.4291962690520705,,,,,,,,,
290,0.001,290,49.02391245609295,1.4247054597427105,,,,,,,,,
295,0.001,295,49.17382002763899,1.420418072959124,,,,,,,,,
300,0.001,300,49.35193895683077,1.415572185118993,,,,,,,,,
305,0.001,305,49.514238716973374,1.4114312973178802,,,,,,,,,
310,0.001,310,49.676658743805,1.4072749637788342,,,,,,,,,
315,0.001,315,49.834216681596494,1.403216162560478,,,,,,,,,
320,0.001,320,49.965403644557654,1.3996430102735757,,,,,,,,,
325,0.001,325,50.11816340310601,1.3954550431324886,,,,,,,,,
330,0.001,330,50.26390472119312,1.3918475786844888,,,,,,,,,
335,0.001,335,50.42136474221016,1.3879575832566218,,,,,,,,,
340,0.001,340,50.57360330045174,1.384157990357455,,,,,,,,,
345,0.001,345,50.700472662818704,1.3805048016534336,,,,,,,,,
350,0.001,350,50.823142050799625,1.3772617711339679,,,,,,,,,
355,0.001,355,50.95724948107583,1.3734256072783135,,,,,,,,,
360,0.001,360,51.108032487044376,1.3697367856899898,,,,,,,,,
365,0.001,365,51.24608083150797,1.3660108772042678,,,,,,,,,
370,0.001,370,51.37667881201542,1.362709649833473,,,,,,,,,
375,0.001,375,51.515800693892906,1.358835435549418,,,,,,,,,
380,0.001,380,51.655890360103946,1.355024688494833,,,,,,,,,
385,0.001,385,51.785205390221066,1.351538628417176,,,,,,,,,
390,0.001,390,51.92953020134228,1.3478748333759798,,,,,,,,,
395,0.001,395,52.05819307716735,1.3444975059243698,,,,,,,,,
400,0.001,400,52.186471072436504,1.3411219319701195,,,,,,,,,
405,0.001,405,52.31810351502013,1.3378673688865002,,,,,,,,,
410,0.001,410,52.43791105842765,1.3346908697267859,,,,,,,,,
415,0.001,415,52.56402991840435,1.3315216119030873,,,,,,,,,
420,0.001,420,52.68713608539863,1.3283488932110015,,,,,,,,,
425,0.001,425,52.81079411330776,1.3250665250946494,,,,,,,,,
430,0.001,430,52.917896981627294,1.322182776622994,,,,,,,,,
435,0.001,435,53.02568283366965,1.3192929118529133,,,,,,,,,
440,0.001,440,53.12344150755201,1.316727542470802,,,,,,,,,
445,0.001,445,53.235218984531905,1.3135996672544588,,,,,,,,,
450,0.001,450,53.35920351207275,1.310413443909751,,,,,,,,,
455,0.001,455,53.47356224802729,1.3074560787651566,,,,,,,,,
460,0.001,460,53.57626699839815,1.3047634012025335,,,,,,,,,
465,0.001,465,53.68328781902161,1.3020701950596225,,,,,,,,,
470,0.001,470,53.781144724992494,1.2995025438197116,,,,,,,,,
475,0.001,475,53.88374146067787,1.2965890550613404,,,,,,,,,
480,0.001,480,53.994807485059276,1.2936587200810512,,,,,,,,,
485,0.001,485,54.1138780259203,1.2907040604611033,,,,,,,,,
490,0.001,490,54.1942,1.2882532403177145,,,,,,,,,
495,0.001,495,54.29244535951853,1.28553118019393,,,,,,,,,
500,0.001,500,54.387151144559425,1.283085760116577,,,,,,,,,
500,,,,,65.2,64.56495487458118,66.68366304841255,65.19999999999999,,,,,
505,0.001,505,54.48113939770258,1.2805618533993712,,,,,,,,,
510,0.001,510,54.57020442668306,1.2782766629667843,,,,,,,,,
515,0.001,515,54.670662100456624,1.275584984172895,,,,,,,,,
520,0.001,520,54.763717214350315,1.2730929866433143,,,,,,,,,
525,0.001,525,54.86264556584055,1.270428027539026,,,,,,,,,
530,0.001,530,54.95951641526176,1.2678995798218926,,,,,,,,,
535,0.001,535,55.04285086434222,1.2655474321864475,,,,,,,,,
540,0.001,540,55.128270274978945,1.2633598702925224,,,,,,,,,
545,0.001,545,55.23119911389856,1.2606056926447318,,,,,,,,,
550,0.001,550,55.31657116793523,1.2583793007243764,,,,,,,,,
555,0.001,555,55.41540721489308,1.2558678982494114,,,,,,,,,
560,0.001,560,55.50599820823651,1.2535011302147592,,,,,,,,,
565,0.001,565,55.59602097727462,1.251077062577273,,,,,,,,,
570,0.001,570,55.67070739019225,1.2490695086487553,,,,,,,,,
575,0.001,575,55.74374982960277,1.2469633242358331,,,,,,,,,
580,0.001,580,55.815190951106786,1.2450353970815395,,,,,,,,,
585,0.001,585,55.89294327286369,1.2429550705811916,,,,,,,,,
590,0.001,590,55.97062028276815,1.2407827293468734,,,,,,,,,
595,0.001,595,56.056643301359756,1.2385051230422588,,,,,,,,,
600,0.001,600,56.14041104839553,1.2362511950731276,,,,,,,,,
605,0.001,605,56.2184163470509,1.2342288101015013,,,,,,,,,
610,0.001,610,56.28710676467565,1.2322541808495755,,,,,,,,,
615,0.001,615,56.362483430202914,1.2302394036355058,,,,,,,,,
620,0.001,620,56.4312670678669,1.228320316345461,,,,,,,,,
625,0.001,625,56.508039028795025,1.2263814043998718,,,,,,,,,
630,0.001,630,56.57612346969245,1.224435244760816,,,,,,,,,
635,0.001,635,56.656246914189786,1.2221882057940867,,,,,,,,,
640,0.001,640,56.719779748634146,1.2203468163497746,,,,,,,,,
645,0.001,645,56.800143423195664,1.2183393465456112,,,,,,,,,
650,0.001,650,56.86976867597752,1.2163628315008603,,,,,,,,,
655,0.001,655,56.93772889388898,1.2143759578238917,,,,,,,,,
660,0.001,660,56.998271848350235,1.2126490928909994,,,,,,,,,
665,0.001,665,57.067626187613456,1.2107704731754791,,,,,,,,,
670,0.001,670,57.131993354704356,1.2090094351946419,,,,,,,,,
675,0.001,675,57.20396799591239,1.2071521027882894,,,,,,,,,
680,0.001,680,57.27862692210157,1.2051579466637443,,,,,,,,,
685,0.001,685,57.354623887223376,1.2031053561363778,,,,,,,,,
690,0.001,690,57.42554992501022,1.201153407148693,,,,,,,,,
695,0.001,695,57.497856788340926,1.1992135476722992,,,,,,,,,
700,0.001,700,57.57094700533082,1.1972456023522786,,,,,,,,,
705,0.001,705,57.63590824178268,1.19535065956995,,,,,,,,,
710,0.001,710,57.70574791326238,1.1935759572076126,,,,,,,,,
715,0.001,715,57.764877428408546,1.1918717861175536,,,,,,,,,
720,0.001,720,57.829851282497934,1.190103070023987,,,,,,,,,
725,0.001,725,57.89149331834105,1.188389904499054,,,,,,,,,
730,0.001,730,57.95389876734098,1.1866743938563622,,,,,,,,,
735,0.001,735,58.01306666666667,1.1850449836983972,,,,,,,,,
740,0.001,740,58.083615849136564,1.1831770681851619,,,,,,,,,
745,0.001,745,58.13966642113017,1.1816097868368929,,,,,,,,,
750,0.001,750,58.20581164419358,1.179840135494868,,,,,,,,,
755,0.001,755,58.268611774478245,1.17811797549393,,,,,,,,,
760,0.001,760,58.331743166580715,1.1764405435637424,,,,,,,,,
765,0.001,765,58.386233220616866,1.1748444490183412,,,,,,,,,
770,0.001,770,58.44166751501578,1.173313089779445,,,,,,,,,
775,0.001,775,58.49840699908972,1.171725429950222,,,,,,,,,
780,0.001,780,58.55667772083208,1.170080209313295,,,,,,,,,
785,0.001,785,58.60735758229466,1.1687415129819494,,,,,,,,,
790,0.001,790,58.667558153382025,1.167110493666009,,,,,,,,,
795,0.001,795,58.72897108709372,1.1655575063993346,,,,,,,,,
800,0.001,800,58.77895696142991,1.1641911974549293,,,,,,,,,
805,0.001,805,58.842805391087566,1.1626041337570048,,,,,,,,,
810,0.001,810,58.89243477082688,1.1613574568136238,,,,,,,,,
815,0.001,815,58.95047033702678,1.159790296934865,,,,,,,,,
820,0.001,820,59.006242352401344,1.1582909520806335,,,,,,,,,
825,0.001,825,59.059792110063846,1.1569061588518548,,,,,,,,,
830,0.001,830,59.112930643699,1.1555323987122041,,,,,,,,,
835,0.001,835,59.1608688712373,1.1541588429205432,,,,,,,,,
840,0.001,840,59.21371306441678,1.1526892943041664,,,,,,,,,
845,0.001,845,59.272540033028406,1.1510264849521705,,,,,,,,,
850,0.001,850,59.32871267039271,1.1496001222554375,,,,,,,,,
855,0.001,855,59.38147543689142,1.148111021239855,,,,,,,,,
860,0.001,860,59.43009042349552,1.146730834453605,,,,,,,,,
865,0.001,865,59.48482500498432,1.145231421421029,,,,,,,,,
870,0.001,870,59.52924242697277,1.1439064781556185,,,,,,,,,
875,0.001,875,59.577069858276744,1.142648681163788,,,,,,,,,
880,0.001,880,59.628471665508705,1.1413645226169715,,,,,,,,,
885,0.001,885,59.67054675596187,1.1401238841525578,,,,,,,,,
890,0.001,890,59.71986099855537,1.1387820024838609,,,,,,,,,
895,0.001,895,59.77245453908412,1.1373651445244943,,,,,,,,,
900,0.001,900,59.82369952266472,1.1360980381568273,,,,,,,,,
905,0.001,905,59.872643879283466,1.1347074935449422,,,,,,,,,
910,0.001,910,59.923955928465595,1.1332800164982513,,,,,,,,,
915,0.001,915,59.96849405435044,1.1319341872559219,,,,,,,,,
920,0.001,920,60.01552861184009,1.1307125035187473,,,,,,,,,
925,0.001,925,60.062794481543,1.1293968285096658,,,,,,,,,
930,0.001,930,60.11313256464718,1.1279986806454196,,,,,,,,,
935,0.001,935,60.16197531485301,1.1266433049013271,,,,,,,,,
940,0.001,940,60.21010908908942,1.1254190368855252,,,,,,,,,
945,0.001,945,60.263642547825654,1.1239349006345032,,,,,,,,,
950,0.001,950,60.311659322341605,1.1227050188968055,,,,,,,,,
955,0.001,955,60.35311766347622,1.1215826684891865,,,,,,,,,
960,0.001,960,60.402206398719606,1.1202555807928245,,,,,,,,,
965,0.001,965,60.45200321684457,1.1188662060184182,,,,,,,,,
970,0.001,970,60.50138594818251,1.1175450505669584,,,,,,,,,
975,0.001,975,60.54413017960798,1.1163378934371166,,,,,,,,,
980,0.001,980,60.5869,1.1151422630767434,,,,,,,,,
985,0.001,985,60.63872970391595,1.113831946329417,,,,,,,,,
990,0.001,990,60.68270905923345,1.1126177091791172,,,,,,,,,
995,0.001,995,60.72782067444059,1.1114077722007905,,,,,,,,,
1000,0.001,1000,60.77414550015679,1.1101103236675263,,,,,,,,,
1000,,,,,72.49,72.3316912342594,72.61621852662307,72.49,,,,,
1005,0.001,1005,60.81757020280811,1.1089029389827405,,,,,,,,,
1010,0.001,1010,60.85881713753493,1.1077202114138274,,,,,,,,,
1015,0.001,1015,60.90110441767068,1.1065741085066585,,,,,,,,,
1020,0.001,1020,60.94960421149708,1.1053535902617024,,,,,,,,,
1025,0.001,1025,60.99399663505659,1.104129937160306,,,,,,,,,
1030,0.001,1030,61.03799722936869,1.1029029092742402,,,,,,,,,
1035,0.001,1035,61.084378645336244,1.101708834643525,,,,,,,,,
1040,0.001,1040,61.12531848814244,1.1005792323213357,,,,,,,,,
1045,0.001,1045,61.16680295278249,1.0993305357449363,,,,,,,,,
1050,0.001,1050,61.208824232107396,1.0982086115224021,,,,,,,,,
1055,0.001,1055,61.2482166475947,1.0971293401379156,,,,,,,,,
1060,0.001,1060,61.29222810572557,1.0959670196164328,,,,,,,,,
1065,0.001,1065,61.33527285842571,1.0947776190551795,,,,,,,,,
1070,0.001,1070,61.371778341074595,1.0937012142667146,,,,,,,,,
1075,0.001,1075,61.41341203750966,1.0925769561945007,,,,,,,,,
1080,0.001,1080,61.45167905572171,1.0914986884704343,,,,,,,,,
1085,0.001,1085,61.492022890834996,1.090420169434789,,,,,,,,,
1090,0.001,1090,61.53118616761127,1.089347603835097,,,,,,,,,
1095,0.001,1095,61.56864815716372,1.0882681378490848,,,,,,,,,
1100,0.001,1100,61.605233900624306,1.087232281186364,,,,,,,,,
1105,0.001,1105,61.64299497715599,1.0861958286880908,,,,,,,,,
1110,0.001,1110,61.68006158366055,1.0851425961331205,,,,,,,,,
1115,0.001,1115,61.71925532214067,1.0840741810777261,,,,,,,,,
1120,0.001,1120,61.76177244603712,1.0829608389309475,,,,,,,,,
1125,0.001,1125,61.801210318013325,1.0818759189181857,,,,,,,,,
1130,0.001,1130,61.838809718733955,1.0807758248485295,,,,,,,,,
1135,0.001,1135,61.878773122245704,1.0796662871007878,,,,,,,,,
1140,0.001,1140,61.9201899404459,1.078535211138558,,,,,,,,,
1145,0.001,1145,61.96013118435647,1.077437805973286,,,,,,,,,
1150,0.001,1150,61.99162883280843,1.0764795712802722,,,,,,,,,
1155,0.001,1155,62.02599196383727,1.0755797394942412,,,,,,,,,
1160,0.001,1160,62.062845499885114,1.0746343705160863,,,,,,,,,
1165,0.001,1165,62.105269355511595,1.0735174872332889,,,,,,,,,
1170,0.001,1170,62.14113189596259,1.0725550231261132,,,,,,,,,
1175,0.001,1175,62.17602105487878,1.0716350422006973,,,,,,,,,
1180,0.001,1180,62.211650898267244,1.0705567566520078,,,,,,,,,
1185,0.001,1185,62.2528150471049,1.069505605466255,,,,,,,,,
1190,0.001,1190,62.289432249393904,1.0685386228461224,,,,,,,,,
1195,0.001,1195,62.32114975858087,1.0675988765441224,,,,,,,,,
1200,0.001,1200,62.35872661231316,1.066591153840224,,,,,,,,,
1205,0.001,1205,62.39176186634746,1.0656342015226847,,,,,,,,,
1210,0.001,1210,62.429058256452784,1.0646334808227444,,,,,,,,,
1215,0.001,1215,62.46983715288531,1.0635683415848531,,,,,,,,,
1220,0.001,1220,62.50240953017374,1.062643534726784,,,,,,,,,
1225,0.001,1225,62.53088,1.0617971592533346,,,,,,,,,
1230,0.001,1230,62.56716489259991,1.0608476740073383,,,,,,,,,
1235,0.001,1235,62.60093315558941,1.0599015304916783,,,,,,,,,
1240,0.001,1240,62.635613580324964,1.0589976329957285,,,,,,,,,
1245,0.001,1245,62.669306089037214,1.0580674523809348,,,,,,,,,
1250,0.001,1250,62.70312010034493,1.0571794100284577,,,,,,,,,
1255,0.001,1255,62.74415953526142,1.0561157326299355,,,,,,,,,
1260,0.001,1260,62.77779506003857,1.0552549845642514,,,,,,,,,
1265,0.001,1265,62.809846935613805,1.0543418030493816,,,,,,,,,
1270,0.001,1270,62.843420159249426,1.0533882050063665,,,,,,,,,
1275,0.001,1275,62.87016995843274,1.0526049639664443,,,,,,,,,
1280,0.001,1280,62.90217617659309,1.051736349100247,,,,,,,,,
1285,0.001,1285,62.93133953193255,1.0509504775592788,,,,,,,,,
1290,0.001,1290,62.963086758878866,1.0501005170881286,,,,,,,,,
1295,0.001,1295,62.997236482068914,1.0491596495783007,,,,,,,,,
1300,0.001,1300,63.03436391924162,1.0482040667075376,,,,,,,,,
1305,0.001,1305,63.06857774467165,1.047257853833195,,,,,,,,,
1310,0.001,1310,63.09849019795581,1.0463962019399833,,,,,,,,,
1315,0.001,1315,63.12705665641319,1.0455511387763368,,,,,,,,,
1320,0.001,1320,63.16164156590731,1.0446252302238435,,,,,,,,,
1325,0.001,1325,63.191099724270146,1.043781111735218,,,,,,,,,
1330,0.001,1330,63.22437605366469,1.042875707194321,,,,,,,,,
1335,0.001,1335,63.2629811023807,1.0418256290842978,,,,,,,,,
1340,0.001,1340,63.29676292664662,1.0409487709180634,,,,,,,,,
1345,0.001,1345,63.32978270752946,1.040027643845427,,,,,,,,,
1350,0.001,1350,63.36096012914765,1.039162054989073,,,,,,,,,
1355,0.001,1355,63.39364231743865,1.0383319328631861,,,,,,,,,
1360,0.001,1360,63.427236203497685,1.0374388684682987,,,,,,,,,
1365,0.001,1365,63.459075611913214,1.0365451829337375,,,,,,,,,
1370,0.001,1370,63.49032420493689,1.035745624947722,,,,,,,,,
1375,0.001,1375,63.520475071842355,1.034872681834481,,,,,,,,,
1380,0.001,1380,63.55582193337272,1.0339429699856302,,,,,,,,,
1385,0.001,1385,63.587516415342115,1.0330918922751389,,,,,,,,,
1390,0.001,1390,63.61679657537337,1.0322710405579574,,,,,,,,,
1395,0.001,1395,63.64474216607472,1.0315043255419714,,,,,,,,,
1400,0.001,1400,63.676057205572725,1.0306502578513963,,,,,,,,,
1405,0.001,1405,63.70945018524305,1.02972432765248,,,,,,,,,
1410,0.001,1410,63.73801872525908,1.029017942425207,,,,,,,,,
1415,0.001,1415,63.771232216460575,1.0281400437068602,,,,,,,,,
1420,0.001,1420,63.79979463851963,1.0274139377013058,,,,,,,,,
1425,0.001,1425,63.83086123612196,1.0265411909839564,,,,,,,,,
1430,0.001,1430,63.858743325182836,1.0257493036610263,,,,,,,,,
1435,0.001,1435,63.88738650145868,1.0249530495251513,,,,,,,,,
1440,0.001,1440,63.91821190971353,1.024137624601523,,,,,,,,,
1445,0.001,1445,63.94590716246569,1.0233813970559196,,,,,,,,,
1450,0.001,1450,63.97489754652307,1.0225347886003298,,,,,,,,,
1455,0.001,1455,64.00213898557128,1.021757242073308,,,,,,,,,
1460,0.001,1460,64.03295175094769,1.0209594175423662,,,,,,,,,
1465,0.001,1465,64.0624163910917,1.0201667194073518,,,,,,,,,
1470,0.001,1470,64.09106666666666,1.019318384824156,,,,,,,,,
1475,0.001,1475,64.1221962368449,1.0184805475251149,,,,,,,,,
1480,0.001,1480,64.15192287318573,1.0176874069345965,,,,,,,,,
1485,0.001,1485,64.18164660542709,1.0168375270535248,,,,,,,,,
1490,0.001,1490,64.21051246974639,1.0160625052532093,,,,,,,,,
1495,0.001,1495,64.241413214473,1.0152896637501925,,,,,,,,,
1500,0.001,1500,64.27060468276366,1.0145020603338877,,,,,,,,,
1500,,,,,74.94,74.86475052478964,75.19284220505548,74.94,,,,,
1505,0.001,1505,64.29882018960308,1.0138129055302008,,,,,,,,,
1510,0.001,1510,64.32613435780293,1.013019721397501,,,,,,,,,
1515,0.001,1515,64.35229742316051,1.0122581376100923,,,,,,,,,
1520,0.001,1520,64.37843643941035,1.0114594645013935,,,,,,,,,
1525,0.001,1525,64.41074861966501,1.0106155853193315,,,,,,,,,
1530,0.001,1530,64.43522684184097,1.0098961987916162,,,,,,,,,
1535,0.001,1535,64.46452466317326,1.009124983754919,,,,,,,,,
1540,0.001,1540,64.491086246042,1.008370855063587,,,,,,,,,
1545,0.001,1545,64.52083692751093,1.007541127652412,,,,,,,,,
1550,0.001,1550,64.54400965010772,1.006847442426989,,,,,,,,,
1555,0.001,1555,64.57012069087206,1.0061548821795792,,,,,,,,,
1560,0.001,1560,64.59882762640831,1.0054198561570584,,,,,,,,,
1565,0.001,1565,64.6264739177912,1.0046669547550213,,,,,,,,,
1570,0.001,1570,64.65043494327261,1.0039647625889747,,,,,,,,,
1575,0.001,1575,64.67973478814909,1.0032013729640417,,,,,,,,,
1580,0.001,1580,64.70351450857414,1.0024742169470726,,,,,,,,,
1585,0.001,1585,64.73202803497942,1.0016627288391162,,,,,,,,,
1590,0.001,1590,64.7549996055538,1.000985778465211,,,,,,,,,
1595,0.001,1595,64.78292603806229,1.0001917830455265,,,,,,,,,
1600,0.001,1600,64.80749255252431,0.9994781171530485,,,,,,,,,
1605,0.001,1605,64.83117282744608,0.9988087434263616,,,,,,,,,
1610,0.001,1610,64.85799217045809,0.9980549385458787,,,,,,,,,
1615,0.001,1615,64.87997291472507,0.9973526345687016,,,,,,,,,
1620,0.001,1620,64.90769912018351,0.9965963197711073,,,,,,,,,
1625,0.001,1625,64.93283045630422,0.9958578717891986,,,,,,,,,
1630,0.001,1630,64.95726598497455,0.995126428121438,,,,,,,,,
1635,0.001,1635,64.98502785849229,0.9943497570282822,,,,,,,,,
1640,0.001,1640,65.01118578926737,0.9936483148031119,,,,,,,,,
1645,0.001,1645,65.03658844610501,0.9929284620792308,,,,,,,,,
1650,0.001,1650,65.06243051398272,0.9922570384271218,,,,,,,,,
1655,0.001,1655,65.08551067195923,0.9916019378471951,,,,,,,,,
1660,0.001,1660,65.10703457785921,0.9910258372145963,,,,,,,,,
1665,0.001,1665,65.13207764814449,0.9903256304629214,,,,,,,,,
1670,0.001,1670,65.156247065893,0.9896504142684137,,,,,,,,,
1675,0.001,1675,65.18280896036545,0.9889186526056546,,,,,,,,,
1680,0.001,1680,65.20390401881545,0.9883227048530465,,,,,,,,,
1685,0.001,1685,65.23225950533192,0.9875707415161925,,,,,,,,,
1690,0.001,1690,65.25911296457797,0.9868087946310551,,,,,,,,,
1695,0.001,1695,65.28551838010841,0.9860990494401757,,,,,,,,,
1700,0.001,1700,65.31049978787375,0.9854063598899281,,,,,,,,,
1705,0.001,1705,65.33412723226601,0.9847124881758368,,,,,,,,,
1710,0.001,1710,65.35881943043661,0.9840483615621489,,,,,,,,,
1715,0.001,1715,65.3828,0.9833866808226783,,,,,,,,,
1720,0.001,1720,65.41028533661516,0.9826706359552783,,,,,,,,,
1725,0.001,1725,65.43880379948189,0.9819455839585567,,,,,,,,,
1730,0.001,1730,65.46330493497076,0.9812595011870985,,,,,,,,,
1735,0.001,1735,65.48738195291672,0.9806045146428198,,,,,,,,,
1740,0.001,1740,65.51143275512503,0.9799268740689617,,,,,,,,,
1745,0.001,1745,65.53658070892672,0.9792279144412809,,,,,,,,,
1750,0.001,1750,65.56063253146978,0.9785407425676074,,,,,,,,,
1755,0.001,1755,65.58493768705053,0.9778766863366477,,,,,,,,,
1760,0.001,1760,65.60598637031758,0.9772655722431162,,,,,,,,,
1765,0.001,1765,65.6266657190576,0.976662860814978,,,,,,,,,
1770,0.001,1770,65.65024715637291,0.9759994320613516,,,,,,,,,
1775,0.001,1775,65.67259107452034,0.9753920800585142,,,,,,,,,
1780,0.001,1780,65.69497419047954,0.9747702734858802,,,,,,,,,
1785,0.001,1785,65.71860396683181,0.9740680358323063,,,,,,,,,
1790,0.001,1790,65.73974720577415,0.9734632969568562,,,,,,,,,
1795,0.001,1795,65.76568559798748,0.9727637334786418,,,,,,,,,
1800,0.001,1800,65.79382033727047,0.9720128525959121,,,,,,,,,
1805,0.001,1805,65.81951851916195,0.9713545511964286,,,,,,,,,
1810,0.001,1810,65.84366662624302,0.9707337686040783,,,,,,,,,
1815,0.001,1815,65.86238585609013,0.9701572683231889,,,,,,,,,
1820,0.001,1820,65.88612338786798,0.9694817279721354,,,,,,,,,
1825,0.001,1825,65.90709922418014,0.9688743003100565,,,,,,,,,
1830,0.001,1830,65.92881684131159,0.9682557823879471,,,,,,,,,
1835,0.001,1835,65.94795912264063,0.9676743429103405,,,,,,,,,
1840,0.001,1840,65.96822194575341,0.9670686222936796,,,,,,,,,
1845,0.001,1845,65.99395145870335,0.9663829166714738,,,,,,,,,
1850,0.001,1850,66.01821718237522,0.9657485993810602,,,,,,,,,
1855,0.001,1855,66.04071403818685,0.9651372849459275,,,,,,,,,
1860,0.001,1860,66.06177244105771,0.964555708663438,,,,,,,,,
1865,0.001,1865,66.08362689378016,0.9638945125702559,,,,,,,,,
1870,0.001,1870,66.10755102211937,0.963240930294608,,,,,,,,,
1875,0.001,1875,66.12977914736332,0.9626587530453999,,,,,,,,,
1880,0.001,1880,66.15553743890844,0.9619937664650856,,,,,,,,,
1885,0.001,1885,66.17777944136681,0.9613529816230348,,,,,,,,,
1890,0.001,1890,66.20036999552023,0.9607322189542983,,,,,,,,,
1895,0.001,1895,66.22268579040559,0.9600957792792911,,,,,,,,,
1900,0.001,1900,66.24761722037927,0.9594320128152245,,,,,,,,,
1905,0.001,1905,66.26650178597883,0.958852096555114,,,,,,,,,
1910,0.001,1910,66.29072540263664,0.9581982971485997,,,,,,,,,
1915,0.001,1915,66.31142993998247,0.9575588705023026,,,,,,,,,
1920,0.001,1920,66.32989930666145,0.9570095702074468,,,,,,,,,
1925,0.001,1925,66.35193775402986,0.9563988005340873,,,,,,,,,
1930,0.001,1930,66.37589263228018,0.955765504787623,,,,,,,,,
1935,0.001,1935,66.39683658669,0.9551942514510734,,,,,,,,,
1940,0.001,1940,66.41923810524445,0.954587174107119,,,,,,,,,
1945,0.001,1945,66.4367880952189,0.9540480697675965,,,,,,,,,
1950,0.001,1950,66.45816749885424,0.9534516655481778,,,,,,,,,
1955,0.001,1955,66.47943716868097,0.9528056629783357,,,,,,,,,
1960,0.001,1960,66.5011,0.95221012873309,,,,,,,,,
1965,0.001,1965,66.52743975422918,0.9515330520901668,,,,,,,,,
1970,0.001,1970,66.55150628780643,0.9508997620967439,,,,,,,,,
1975,0.001,1975,66.5730192124484,0.9502843845041492,,,,,,,,,
1980,0.001,1980,66.59323527082674,0.9496821891478818,,,,,,,,,
1985,0.001,1985,66.61576816745655,0.949060071655725,,,,,,,,,
1990,0.001,1990,66.63725181216515,0.948469446052858,,,,,,,,,
1995,0.001,1995,66.65789060044011,0.9478806437406325,,,,,,,,,
2000,0.001,2000,66.67661296644717,0.9473754649460315,,,,,,,,,
2000,,,,,75.55,75.55065861557297,75.87678695216353,75.55,,,,,
2005,0.001,2005,66.69788082577416,0.9467966943310383,,,,,,,,,
2010,0.001,2010,66.71959957562662,0.9461954321434248,,,,,,,,,
2015,0.001,2015,66.74104537425394,0.9456079011519553,,,,,,,,,
2020,0.001,2020,66.76170543899278,0.9450691898860554,,,,,,,,,
2025,0.001,2025,66.7811500669769,0.9444860871927238,,,,,,,,,
2030,0.001,2030,66.80513288895412,0.9438095004394137,,,,,,,,,
2035,0.001,2035,66.82673416083027,0.9432431770191145,,,,,,,,,
2040,0.001,2040,66.84894972676756,0.9426542772381914,,,,,,,,,
2045,0.001,2045,66.86918745064365,0.9421092719495442,,,,,,,,,
2050,0.001,2050,66.89099916634162,0.9415688610658413,,,,,,,,,
2055,0.001,2055,66.91141688728837,0.9410154434306198,,,,,,,,,
2060,0.001,2060,66.93029845179558,0.9404592810325252,,,,,,,,,
2065,0.001,2065,66.95118756549074,0.9398487915138356,,,,,,,,,
2070,0.001,2070,66.97192807041463,0.9392821767479901,,,,,,,,,
2075,0.001,2075,66.99596865601717,0.9386454200744629,,,,,,,,,
2080,0.001,2080,67.01744335057064,0.9380729309354837,,,,,,,,,
2085,0.001,2085,67.03994269728827,0.9375197678732929,,,,,,,,,
2090,0.001,2090,67.06158381971223,0.9369487878523375,,,,,,,,,
2095,0.001,2095,67.07942605038244,0.9364244725652981,,,,,,,,,
2100,0.001,2100,67.10077610536219,0.9358554894867398,,,,,,,,,
2105,0.001,2105,67.11946401704182,0.9353368320261215,,,,,,,,,
2110,0.001,2110,67.14076445190871,0.9347679587054591,,,,,,,,,
2115,0.001,2115,67.1584363207722,0.9342593052990329,,,,,,,,,
2120,0.001,2120,67.17815090934641,0.9337190591782893,,,,,,,,,
2125,0.001,2125,67.19698842297107,0.9332014993499307,,,,,,,,,
2130,0.001,2130,67.21605924311909,0.9327106485624268,,,,,,,,,
2135,0.001,2135,67.23407653836833,0.9321437634684722,,,,,,,,,
2140,0.001,2140,67.25475686329101,0.931557080428177,,,,,,,,,
2145,0.001,2145,67.27703078058872,0.9309074680566232,,,,,,,,,
2150,0.001,2150,67.2950075477477,0.9303923113678777,,,,,,,,,
2155,0.001,2155,67.31330985761784,0.9299206290056976,,,,,,,,,
2160,0.001,2160,67.33282034902291,0.9293768973262222,,,,,,,,,
2165,0.001,2165,67.35357701555665,0.9287968137523043,,,,,,,,,
2170,0.001,2170,67.37225064308217,0.9282184247597022,,,,,,,,,
2175,0.001,2175,67.39142384440152,0.9276917084058126,,,,,,,,,
2180,0.001,2180,67.40992440806697,0.9271826200802392,,,,,,,,,
2185,0.001,2185,67.42663573868366,0.9267015827602325,,,,,,,,,
2190,0.001,2190,67.4445233970045,0.9262193661302192,,,,,,,,,
2195,0.001,2195,67.46536508185949,0.925693808085283,,,,,,,,,
2200,0.001,2200,67.48343916588273,0.9251911533962597,,,,,,,,,
2205,0.001,2205,67.50017777777778,0.9247084133749376,,,,,,,,,
2210,0.001,2210,67.5194224697577,0.924169078698525,,,,,,,,,
2215,0.001,2215,67.53703146568506,0.9236903652380606,,,,,,,,,
2220,0.001,2220,67.55632658826853,0.9231698338512901,,,,,,,,,
2225,0.001,2225,67.57544660159967,0.9226248793655567,,,,,,,,,
2230,0.001,2230,67.59364563192125,0.922169233544525,,,,,,,,,
2235,0.001,2235,67.6118506436564,0.9216309415414029,,,,,,,,,
2240,0.001,2240,67.632730199839,0.921075997421784,,,,,,,,,
2245,0.001,2245,67.65124663896358,0.9205458560605888,,,,,,,,,
2250,0.001,2250,67.66763353193268,0.9200764528910319,,,,,,,,,
2255,0.001,2255,67.68629966484487,0.9195564024728576,,,,,,,,,
2260,0.001,2260,67.70453189393204,0.9190442447904992,,,,,,,,,
2265,0.001,2265,67.72372173840807,0.9185363349535607,,,,,,,,,
2270,0.001,2270,67.7434743116858,0.9180138840811893,,,,,,,,,
2275,0.001,2275,67.76171826540036,0.9175001062403668,,,,,,,,,
2280,0.001,2280,67.78005384625965,0.9169592438036935,,,,,,,,,
2285,0.001,2285,67.7961645875362,0.9164920017807958,,,,,,,,,
2290,0.001,2290,67.81460110644008,0.9159724697535736,,,,,,,,,
2295,0.001,2295,67.83270082118409,0.9155191009340723,,,,,,,,,
2300,0.001,2300,67.85144586690662,0.9149939988747887,,,,,,,,,
2305,0.001,2305,67.86719488717917,0.9145149182342397,,,,,,,,,
2310,0.001,2310,67.88752435125541,0.913954638712334,,,,,,,,,
2315,0.001,2315,67.90522578110713,0.913482894418564,,,,,,,,,
2320,0.001,2320,67.92238600190588,0.912982035993502,,,,,,,,,
2325,0.001,2325,67.94098952678324,0.9124799570216927,,,,,,,,,
2330,0.001,2330,67.95879793813046,0.912004358932184,,,,,,,,,
2335,0.001,2335,67.97833444128845,0.9114608549459078,,,,,,,,,
2340,0.001,2340,67.99552575330166,0.9109500373785312,,,,,,,,,
2345,0.001,2345,68.01072123452992,0.9104828568409755,,,,,,,,,
2350,0.001,2350,68.02802018908082,0.9100024241843122,,,,,,,,,
2355,0.001,2355,68.04640060722275,0.9094887644875075,,,,,,,,,
2360,0.001,2360,68.06301158711598,0.9090192575323379,,,,,,,,,
2365,0.001,2365,68.08328139917259,0.9084651602751105,,,,,,,,,
2370,0.001,2370,68.1018941198264,0.9079660472739095,,,,,,,,,
2375,0.001,2375,68.12150100348579,0.907459700960862,,,,,,,,,
2380,0.001,2380,68.13913117950881,0.9069730046666971,,,,,,,,,
2385,0.001,2385,68.15570106237509,0.9065270834249021,,,,,,,,,
2390,0.001,2390,68.1731444184948,0.9060652277210267,,,,,,,,,
2395,0.001,2395,68.1894508746203,0.9056102745966025,,,,,,,,,
2400,0.001,2400,68.20585247465245,0.9051743911455075,,,,,,,,,
2405,0.001,2405,68.2200288823257,0.9047513665875377,,,,,,,,,
2410,0.001,2410,68.24012205515905,0.9042016509657579,,,,,,,,,
2415,0.001,2415,68.2556680582518,0.9036725733591162,,,,,,,,,
2420,0.001,2420,68.27455115620606,0.9031813176702862,,,,,,,,,
2425,0.001,2425,68.29291159374374,0.9026841706344761,,,,,,,,,
2430,0.001,2430,68.3110752285764,0.9021898294917841,,,,,,,,,
2435,0.001,2435,68.32703105582063,0.9017433802449972,,,,,,,,,
2440,0.001,2440,68.3428007788152,0.9012760652626147,,,,,,,,,
2445,0.001,2445,68.35882641511854,0.9008202462839934,,,,,,,,,
2450,0.001,2450,68.37456,0.900386083296367,,,,,,,,,
2455,0.001,2455,68.38925879798174,0.8999931534778804,,,,,,,,,
2460,0.001,2460,68.40640735547198,0.8995306054266488,,,,,,,,,
2465,0.001,2465,68.42181636028242,0.899087807082743,,,,,,,,,
2470,0.001,2470,68.43922586174062,0.8986326371609923,,,,,,,,,
2475,0.001,2475,68.45707950586,0.8981486115551958,,,,,,,,,
2480,0.001,2480,68.47162072453689,0.897723689651297,,,,,,,,,
2485,0.001,2485,68.48831156539845,0.897239060325162,,,,,,,,,
2490,0.001,2490,68.50410868333229,0.8967858619958042,,,,,,,,,
2495,0.001,2495,68.52027430402815,0.8963146564955702,,,,,,,,,
2500,0.001,2500,68.53671310030795,0.8958377351522445,,,,,,,,,
2500,,,,,76.69,76.64323230731239,76.90119321218057,76.69,,,,,
2505,0.001,2505,68.55314098110279,0.8953951463489951,,,,,,,,,
2510,0.001,2510,68.56891753446736,0.8949537951870269,,,,,,,,,
2515,0.001,2515,68.58673526642934,0.8944727011750754,,,,,,,,,
2520,0.001,2520,68.6045209340526,0.8939968208944987,,,,,,,,,
2525,0.001,2525,68.61986847906408,0.8935774772474081,,,,,,,,,
2530,0.001,2530,68.63534881847309,0.893124449700706,,,,,,,,,
2535,0.001,2535,68.65057459534015,0.892706070919714,,,,,,,,,
2540,0.001,2540,68.66651183031993,0.8922962669547149,,,,,,,,,
2545,0.001,2545,68.68146212088541,0.8918586830961681,,,,,,,,,
2550,0.001,2550,68.69742602749834,0.891418750332851,,,,,,,,,
2555,0.001,2555,68.7128332351425,0.8909919829751181,,,,,,,,,
2560,0.001,2560,68.73005579782934,0.8905108444858343,,,,,,,,,
2565,0.001,2565,68.74545351737291,0.8900726850966961,,,,,,,,,
2570,0.001,2570,68.76025727847329,0.8896359738672753,,,,,,,,,
2575,0.001,2575,68.77625922497991,0.8891805891157354,,,,,,,,,
2580,0.001,2580,68.79174313878018,0.888762120128602,,,,,,,,,
2585,0.001,2585,68.80887285586044,0.8882846877007696,,,,,,,,,
2590,0.001,2590,68.82389307940043,0.8878386679533365,,,,,,,,,
2595,0.001,2595,68.8413097856297,0.8873508839478612,,,,,,,,,
2600,0.001,2600,68.85587726228312,0.8869422899988981,,,,,,,,,
2605,0.001,2605,68.8718873580238,0.8864722934885813,,,,,,,,,
2610,0.001,2610,68.89027646779648,0.8859637900787295,,,,,,,,,
2615,0.001,2615,68.90522224287521,0.885522110193227,,,,,,,,,
2620,0.001,2620,68.92104585959054,0.885107668711029,,,,,,,,,
2625,0.001,2625,68.93841425900595,0.8846606420789446,,,,,,,,,
2630,0.001,2630,68.95590269290615,0.8842014106507537,,,,,,,,,
2635,0.001,2635,68.97072124338766,0.8837866613263197,,,,,,,,,
2640,0.001,2640,68.98719094650694,0.8833625480984196,,,,,,,,,
2645,0.001,2645,69.00348702110885,0.8829482559445675,,,,,,,,,
2650,0.001,2650,69.0184815923695,0.8825229386113724,,,,,,,,,
2655,0.001,2655,69.0353223958518,0.8820781040999849,,,,,,,,,
2660,0.001,2660,69.0517312521368,0.8816417001019743,,,,,,,,,
2665,0.001,2665,69.06657066707459,0.8812062819724235,,,,,,,,,
2670,0.001,2670,69.08241869560622,0.8807744884089138,,,,,,,,,
2675,0.001,2675,69.09681517648852,0.8803753893397679,,,,,,,,,
2680,0.001,2680,69.11123088354024,0.8799720265082459,,,,,,,,,
2685,0.001,2685,69.12643215024,0.8795359139335888,,,,,,,,,
2690,0.001,2690,69.14048383712391,0.8791225120037461,,,,,,,,,
2695,0.001,2695,69.15447272727273,0.878703971165673,,,,,,,,,
2700,0.001,2700,69.16831208803973,0.8782979941809619,,,,,,,,,
2705,0.001,2705,69.18405645885865,0.8778636431297401,,,,,,,,,
2710,0.001,2710,69.20183990511181,0.8773897193454728,,,,,,,,,
2715,0.001,2715,69.21760850105397,0.8769432785322214,,,,,,,,,
2720,0.001,2720,69.23252630061968,0.8765536058255855,,,,,,,,,
2725,0.001,2725,69.24569895566616,0.8761595172182136,,,,,,,,,
2730,0.001,2730,69.26133589868765,0.8757333315990783,,,,,,,,,
2735,0.001,2735,69.27508814171468,0.8753199448751139,,,,,,,,,
2740,0.001,2740,69.29082858859546,0.8749065916686163,,,,,,,,,
2745,0.001,2745,69.3042258831056,0.8745141682294766,,,,,,,,,
2750,0.001,2750,69.32014180312913,0.8740789804892106,,,,,,,,,
2755,0.001,2755,69.33382990711651,0.873694685431444,,,,,,,,,
2760,0.001,2760,69.34707767122666,0.8733234816271326,,,,,,,,,
2765,0.001,2765,69.36162415506057,0.8729168225369445,,,,,,,,,
2770,0.001,2770,69.37657785400535,0.8725046428747556,,,,,,,,,
2775,0.001,2775,69.39183061745695,0.8721090179305893,,,,,,,,,
2780,0.001,2780,69.40505431349547,0.8717103273748494,,,,,,,,,
2785,0.001,2785,69.41988413727874,0.8713266796012755,,,,,,,,,
2790,0.001,2790,69.43546846198804,0.8709012635506183,,,,,,,,,
2795,0.001,2795,69.44858571805243,0.8705167346222457,,,,,,,,,
2800,0.001,2800,69.46126374087908,0.8701707605804716,,,,,,,,,
2805,0.001,2805,69.47585288412627,0.8697499919490168,,,,,,,,,
2810,0.001,2810,69.49223828628503,0.8692984204063212,,,,,,,,,
2815,0.001,2815,69.5073120262013,0.8688860503225513,,,,,,,,,
2820,0.001,2820,69.52264488220936,0.8684514843825752,,,,,,,,,
2825,0.001,2825,69.53549505197782,0.8680933177154676,,,,,,,,,
2830,0.001,2830,69.54996177137063,0.8676821709732285,,,,,,,,,
2835,0.001,2835,69.56430815262176,0.8672897862799374,,,,,,,,,
2840,0.001,2840,69.57846582345569,0.8669165265812001,,,,,,,,,
2845,0.001,2845,69.59262464038095,0.8664999259167689,,,,,,,,,
2850,0.001,2850,69.60568628206116,0.8661194449558592,,,,,,,,,
2855,0.001,2855,69.61928554167902,0.8657230006834254,,,,,,,,,
2860,0.001,2860,69.63482445367923,0.865298479691252,,,,,,,,,
2865,0.001,2865,69.64883812567726,0.864917186729571,,,,,,,,,
2870,0.001,2870,69.66300767037073,0.8645324315551266,,,,,,,,,
2875,0.001,2875,69.67671873125293,0.8641321892531022,,,,,,,,,
2880,0.001,2880,69.6901098093444,0.8637609984104831,,,,,,,,,
2885,0.001,2885,69.70454125498635,0.8633566015927796,,,,,,,,,
2890,0.001,2890,69.71834615509815,0.8629602048636308,,,,,,,,,
2895,0.001,2895,69.73077381371492,0.8626008805215668,,,,,,,,,
2900,0.001,2900,69.74607463598467,0.8621934317103748,,,,,,,,,
2905,0.001,2905,69.75946721289354,0.861809509407838,,,,,,,,,
2910,0.001,2910,69.7745984449677,0.8613878245206223,,,,,,,,,
2915,0.001,2915,69.78991291531969,0.8609729399403004,,,,,,,,,
2920,0.001,2920,69.80356385349378,0.8605965400599453,,,,,,,,,
2925,0.001,2925,69.81730197104277,0.8602039316372994,,,,,,,,,
2930,0.001,2930,69.83102648351002,0.8598155730413496,,,,,,,,,
2935,0.001,2935,69.84406969352159,0.8594331299629081,,,,,,,,,
2940,0.001,2940,69.8563,0.859079150480478,,,,,,,,,
2945,0.001,2945,69.87018821211798,0.8586973353638512,,,,,,,,,
2950,0.001,2950,69.88509221856064,0.8583070387072482,,,,,,,,,
2955,0.001,2955,69.8985527432877,0.8579246277736529,,,,,,,,,
2960,0.001,2960,69.91219938552813,0.8575551708203715,,,,,,,,,
2965,0.001,2965,69.92427948175569,0.857191484392594,,,,,,,,,
2970,0.001,2970,69.93869443564566,0.8567973499145572,,,,,,,,,
2975,0.001,2975,69.95230315168125,0.8564152687136867,,,,,,,,,
2980,0.001,2980,69.96405740292539,0.8560819678858622,,,,,,,,,
2985,0.001,2985,69.97774188465175,0.8557079274650394,,,,,,,,,
2990,0.001,2990,69.98892830734862,0.8553753282114813,,,,,,,,,
2995,0.001,2995,70.00327864132056,0.8549732328456312,,,,,,,,,
3000,0.001,3000,70.01620899079596,0.8546070050199827,,,,,,,,,
3000,,,,,77.8,77.56537922495997,77.64246669803411,77.80000000000001,,,,,
3005,0.001,3005,70.02997667611102,0.8542317224818339,,,,,,,,,
3010,0.001,3010,70.04408914981065,0.853851947059663,,,,,,,,,
3015,0.001,3015,70.05646448834827,0.8535068798025647,,,,,,,,,
3020,0.001,3020,70.06918809609104,0.853140551226818,,,,,,,,,
3025,0.001,3025,70.08274417013513,0.8527836195693529,,,,,,,,,
3030,0.001,3030,70.09564085713251,0.852419644259777,,,,,,,,,
3035,0.001,3035,70.1065253217199,0.8521020334281482,,,,,,,,,
3040,0.001,3040,70.11816064741745,0.8517634896071333,,,,,,,,,
3045,0.001,3045,70.1315796249189,0.8514106035819782,,,,,,,,,
3050,0.001,3050,70.14399053043934,0.8510865598037595,,,,,,,,,
3055,0.001,3055,70.15793248750244,0.8507095743708447,,,,,,,,,
3060,0.001,3060,70.17243720472642,0.8503220288387311,,,,,,,,,
3065,0.001,3065,70.18430462763074,0.849964888547023,,,,,,,,,
3070,0.001,3070,70.19785697504571,0.8495826755362147,,,,,,,,,
3075,0.001,3075,70.21222554788444,0.8491869172817323,,,,,,,,,
3080,0.001,3080,70.22616550769199,0.8487925168175202,,,,,,,,,
3085,0.001,3085,70.23891658788969,0.8484310640121782,,,,,,,,,
3090,0.001,3090,70.25151978768642,0.8480565007450511,,,,,,,,,
3095,0.001,3095,70.26463242260128,0.8476905792133104,,,,,,,,,
3100,0.001,3100,70.27722842387978,0.8473444742733433,,,,,,,,,
3105,0.001,3105,70.29117241588268,0.8469640458455601,,,,,,,,,
3110,0.001,3110,70.3042521439699,0.8465941401156581,,,,,,,,,
3115,0.001,3115,70.31719535705477,0.8462308139900526,,,,,,,,,
3120,0.001,3120,70.33025398644132,0.8458468075364064,,,,,,,,,
3125,0.001,3125,70.34439959459527,0.8454718476104737,,,,,,,,,
3130,0.001,3130,70.35727882500863,0.8451079234338035,,,,,,,,,
3135,0.001,3135,70.3697729898423,0.844740336496484,,,,,,,,,
3140,0.001,3140,70.3825977748482,0.8443698201020052,,,,,,,,,
3145,0.001,3145,70.39507468490747,0.8440142952012334,,,,,,,,,
3150,0.001,3150,70.40701407693533,0.8436898586863563,,,,,,,,,
3155,0.001,3155,70.41832533198155,0.8433668792531154,,,,,,,,,
3160,0.001,3160,70.42935257224515,0.8430624791149852,,,,,,,,,
3165,0.001,3165,70.44046870045973,0.8427374087615412,,,,,,,,,
3170,0.001,3170,70.45294075459006,0.8424057057979355,,,,,,,,,
3175,0.001,3175,70.46540425489886,0.8420849376025162,,,,,,,,,
3180,0.001,3180,70.47773597743767,0.841754929037214,,,,,,,,,
3185,0.001,3185,70.49055384615384,0.8413836412938835,,,,,,,,,
3190,0.001,3190,70.50403671754037,0.8410181161378245,,,,,,,,,
3195,0.001,3195,70.5165877358722,0.8406772641508792,,,,,,,,,
3200,0.001,3200,70.53001812970086,0.8402948845922947,,,,,,,,,
3205,0.001,3205,70.54270321176097,0.8399443711765843,,,,,,,,,
3210,0.001,3210,70.55461594822323,0.839624276265177,,,,,,,,,
3215,0.001,3215,70.56633909629593,0.8393063504069256,,,,,,,,,
3220,0.001,3220,70.57909088695737,0.8389612573644389,,,,,,,,,
3225,0.001,3225,70.59110411551644,0.8386337062000304,,,,,,,,,
3230,0.001,3230,70.60344409116284,0.8382906242789868,,,,,,,,,
3235,0.001,3235,70.61611790765532,0.8379473282343821,,,,,,,,,
3240,0.001,3240,70.62868405005952,0.8375881328626915,,,,,,,,,
3245,0.001,3245,70.64030533355239,0.8372665480215487,,,,,,,,,
3250,0.001,3250,70.65195104065151,0.8369569526452285,,,,,,,,,
3255,0.001,3255,70.66449415686388,0.8366032467825988,,,,,,,,,
3260,0.001,3260,70.67606678722933,0.8362813536192011,,,,,,,,,
3265,0.001,3265,70.68850427884016,0.8359244164244869,,,,,,,,,
3270,0.001,3270,70.7007537616157,0.8355937020129749,,,,,,,,,
3275,0.001,3275,70.71380353706061,0.835246858888,,,,,,,,,
3280,0.001,3280,70.72582746159068,0.8349046370786865,,,,,,,,,
3285,0.001,3285,70.73621857443568,0.8345821618670923,,,,,,,,,
3290,0.001,3290,70.748648861183,0.8342138772677505,,,,,,,,,
3295,0.001,3295,70.76116025753892,0.833856975127786,,,,,,,,,
3300,0.001,3300,70.77431662572519,0.8335081042484803,,,,,,,,,
3305,0.001,3305,70.78523884753514,0.833195309758006,,,,,,,,,
3310,0.001,3310,70.79606874369384,0.8328760868472995,,,,,,,,,
3315,0.001,3315,70.80727971885746,0.8325670576563069,,,,,,,,,
3320,0.001,3320,70.81819115626018,0.832238336320383,,,,,,,,,
3325,0.001,3325,70.83089695043454,0.8319137924416621,,,,,,,,,
3330,0.001,3330,70.8406216599257,0.8316234801087652,,,,,,,,,
3335,0.001,3335,70.85033757734189,0.8313247426517721,,,,,,,,,
3340,0.001,3340,70.8611193266107,0.8310006059750825,,,,,,,,,
3345,0.001,3345,70.87277693923087,0.8306848012813004,,,,,,,,,
3350,0.001,3350,70.88521872016176,0.8303519130998583,,,,,,,,,
3355,0.001,3355,70.89715593629073,0.8299943611803069,,,,,,,,,
3360,0.001,3360,70.90879500867975,0.8296713945943684,,,,,,,,,
3365,0.001,3365,70.92048673885897,0.829360429121162,,,,,,,,,
3370,0.001,3370,70.93228904955986,0.8290558094086916,,,,,,,,,
3375,0.001,3375,70.9445498764239,0.8287248129314847,,,,,,,,,
3380,0.001,3380,70.9568612806858,0.8284036535306795,,,,,,,,,
3385,0.001,3385,70.96684631811044,0.8281050079858462,,,,,,,,,
3390,0.001,3390,70.97874200396853,0.8277787638624861,,,,,,,,,
3395,0.001,3395,70.99135303273124,0.8274208317800194,,,,,,,,,
3400,0.001,3400,71.00199570191984,0.8271131382619633,,,,,,,,,
3405,0.001,3405,71.01303871321278,0.8268059351020622,,,,,,,,,
3410,0.001,3410,71.02390553657561,0.8264908328259096,,,,,,,,,
3415,0.001,3415,71.03488390778739,0.8262158600861645,,,,,,,,,
3420,0.001,3420,71.04508506746255,0.8258949129902131,,,,,,,,,
3425,0.001,3425,71.0563435893445,0.8255823897619317,,,,,,,,,
3430,0.001,3430,71.06762857142857,0.8252571383127318,,,,,,,,,
3435,0.001,3435,71.0812753914274,0.8248832833818994,,,,,,,,,
3440,0.001,3440,71.09263184283695,0.8245791687868362,,,,,,,,,
3445,0.001,3445,71.10347162168313,0.8242818173026485,,,,,,,,,
3450,0.001,3450,71.1158989683225,0.823958113608153,,,,,,,,,
3455,0.001,3455,71.12658838211935,0.8236685178559354,,,,,,,,,
3460,0.001,3460,71.13682195133003,0.8233627972919817,,,,,,,,,
3465,0.001,3465,71.14801574731888,0.8230401800480411,,,,,,,,,
3470,0.001,3470,71.15742623469342,0.8227402297667192,,,,,,,,,
3475,0.001,3475,71.16816315480756,0.8224388992357597,,,,,,,,,
3480,0.001,3480,71.17851076196612,0.822146259899112,,,,,,,,,
3485,0.001,3485,71.1898337075214,0.8218341979097944,,,,,,,,,
3490,0.001,3490,71.20264041082042,0.8214782605540103,,,,,,,,,
3495,0.001,3495,71.21224186739286,0.8211851127157908,,,,,,,,,
3500,0.001,3500,71.2224597816494,0.8208717339720045,,,,,,,,,
3500,,,,,78.91,78.908849701612,79.07218552175092,78.91,,,,,
3505,0.001,3505,71.23292803492903,0.8205672950615386,,,,,,,,,
3510,0.001,3510,71.2439526666339,0.8202455079283809,,,,,,,,,
3515,0.001,3515,71.255029463063,0.8199239348279972,,,,,,,,,
3520,0.001,3520,71.26554572626159,0.8196323677389459,,,,,,,,,
3525,0.001,3525,71.27603205245109,0.8193351713647233,,,,,,,,,
3530,0.001,3530,71.28700117266622,0.8189910658189326,,,,,,,,,
3535,0.001,3535,71.29709511727759,0.8186965503314935,,,,,,,,,
3540,0.001,3540,71.30788021331632,0.8183785288347363,,,,,,,,,
3545,0.001,3545,71.31951939067973,0.818057819751153,,,,,,,,,
3550,0.001,3550,71.32902768453411,0.8178009461013364,,,,,,,,,
3555,0.001,3555,71.34041119755831,0.8174804287620737,,,,,,,,,
3560,0.001,3560,71.35024862584123,0.8171772347239966,,,,,,,,,
3565,0.001,3565,71.3604157137328,0.8168614280842464,,,,,,,,,
3570,0.001,3570,71.37091107129054,0.8165672304917451,,,,,,,,,
3575,0.001,3575,71.38126732395355,0.816280135408148,,,,,,,,,
3580,0.001,3580,71.39166706815524,0.8159760627000692,,,,,,,,,
3585,0.001,3585,71.40292253659732,0.8156483277117358,,,,,,,,,
3590,0.001,3590,71.41278165769118,0.8153774400939516,,,,,,,,,
3595,0.001,3595,71.42397623834924,0.8150536409173788,,,,,,,,,
3600,0.001,3600,71.43524850063372,0.8147375865611766,,,,,,,,,
3605,0.001,3605,71.44602726201194,0.8144462667622613,,,,,,,,,
3610,0.001,3610,71.45712895842111,0.8141248751049888,,,,,,,,,
3615,0.001,3615,71.46611250146384,0.8138573048190622,,,,,,,,,
3620,0.001,3620,71.47691194878658,0.8135529565053751,,,,,,,,,
3625,0.001,3625,71.48897909574951,0.8132325479244363,,,,,,,,,
3630,0.001,3630,71.49741799348612,0.8129552176668624,,,,,,,,,
3635,0.001,3635,71.50861529768015,0.8126601982805391,,,,,,,,,
3640,0.001,3640,71.5210201769576,0.8123373152954237,,,,,,,,,
3645,0.001,3645,71.53212727882787,0.8120262990763158,,,,,,,,,
3650,0.001,3650,71.54374081774677,0.8117074139967356,,,,,,,,,
3655,0.001,3655,71.55424999785505,0.8113996439201887,,,,,,,,,
3660,0.001,3660,71.56438228817699,0.8111054314615948,,,,,,,,,
3665,0.001,3665,71.57528898890249,0.8107926816927297,,,,,,,,,
3670,0.001,3670,71.58520460041186,0.8105240616226717,,,,,,,,,
3675,0.001,3675,71.59568,0.8102247388346665,,,,,,,,,
3680,0.001,3680,71.60660644666483,0.8099230986088515,,,,,,,,,
3685,0.001,3685,71.61758292023913,0.8096168797407577,,,,,,,,,
3690,0.001,3690,71.62826396413624,0.809311898678622,,,,,,,,,
3695,0.001,3695,71.63846512910823,0.8090412358631139,,,,,,,,,
3700,0.001,3700,71.64810890984215,0.8087585432787199,,,,,,,,,
3705,0.001,3705,71.6575943206585,0.8084665133081145,,,,,,,,,
3710,0.001,3710,71.66610316336666,0.808209690459655,,,,,,,,,
3715,0.001,3715,71.67593432798024,0.8078972668699108,,,,,,,,,
3720,0.001,3720,71.68573897283514,0.8076298063640953,,,,,,,,,
3725,0.001,3725,71.6958640618949,0.807327147090195,,,,,,,,,
3730,0.001,3730,71.70745510416842,0.807016620351546,,,,,,,,,
3735,0.001,3735,71.71765062719349,0.8067237101245915,,,,,,,,,
3740,0.001,3740,71.72742575170632,0.8064447510529329,,,,,,,,,
3745,0.001,3745,71.73856157156973,0.806135428238297,,,,,,,,,
3750,0.001,3750,71.74893587663695,0.8058517136414846,,,,,,,,,
3755,0.001,3755,71.75954343505202,0.805539860912709,,,,,,,,,
3760,0.001,3760,71.77009662057347,0.8052366222155855,,,,,,,,,
3765,0.001,3765,71.78049153770552,0.8049440950036524,,,,,,,,,
3770,0.001,3770,71.78992301741778,0.8046818134639244,,,,,,,,,
3775,0.001,3775,71.80011775554199,0.8043960616130702,,,,,,,,,
3780,0.001,3780,71.8094985751204,0.80412825656631,,,,,,,,,
3785,0.001,3785,71.82004552741795,0.803841898904294,,,,,,,,,
3790,0.001,3790,71.82906484136144,0.8035771637447277,,,,,,,,,
3795,0.001,3795,71.83960968132445,0.8032887602826195,,,,,,,,,
3800,0.001,3800,71.849585109324,0.8030117590803849,,,,,,,,,
3805,0.001,3805,71.8597145129454,0.8027194694526562,,,,,,,,,
3810,0.001,3810,71.87156625911034,0.8023888808379336,,,,,,,,,
3815,0.001,3815,71.88120342932766,0.8021207473537401,,,,,,,,,
3820,0.001,3820,71.89030221685897,0.8018556614040704,,,,,,,,,
3825,0.001,3825,71.89985221897008,0.8016051063194773,,,,,,,,,
3830,0.001,3830,71.91077101636768,0.8012910672796613,,,,,,,,,
3835,0.001,3835,71.92043465995044,0.8010168121877519,,,,,,,,,
3840,0.001,3840,71.93145115188933,0.8007078887739529,,,,,,,,,
3845,0.001,3845,71.94103710107576,0.8004313425217865,,,,,,,,,
3850,0.001,3850,71.95131077371693,0.8001523726636713,,,,,,,,,
3855,0.001,3855,71.9617102276887,0.7998672070515604,,,,,,,,,
3860,0.001,3860,71.97147334086164,0.7995852822312419,,,,,,,,,
3865,0.001,3865,71.98034904382115,0.7993461512809892,,,,,,,,,
3870,0.001,3870,71.98904980107122,0.7990981103837952,,,,,,,,,
3875,0.001,3875,71.99959232148132,0.7988010590153356,,,,,,,,,
3880,0.001,3880,72.0107465720486,0.7984824763591757,,,,,,,,,
3885,0.001,3885,72.02161976179617,0.7981747256282674,,,,,,,,,
3890,0.001,3890,72.0316839385548,0.7979104411326214,,,,,,,,,
3895,0.001,3895,72.04119382797059,0.7976308536774387,,,,,,,,,
3900,0.001,3900,72.05103103352617,0.7973665641515683,,,,,,,,,
3905,0.001,3905,72.05941252996374,0.7971446612732969,,,,,,,,,
3910,0.001,3910,72.07017856928032,0.7968637926651694,,,,,,,,,
3915,0.001,3915,72.08026620903436,0.7965770071950452,,,,,,,,,
3920,0.001,3920,72.089425,0.7962996616655467,,,,,,,,,
3925,0.001,3925,72.10016179290508,0.796003004046762,,,,,,,,,
3930,0.001,3930,72.1097241062879,0.7957135627591276,,,,,,,,,
3935,0.001,3935,72.12008387790883,0.7954203281802477,,,,,,,,,
3940,0.001,3940,72.12999442852595,0.7951421723753063,,,,,,,,,
3945,0.001,3945,72.13950715421304,0.794870276490394,,,,,,,,,
3950,0.001,3950,72.1484995236583,0.7945997553686552,,,,,,,,,
3955,0.001,3955,72.15667618141453,0.7943676648037473,,,,,,,,,
3960,0.001,3960,72.16520331802344,0.7941236105982703,,,,,,,,,
3965,0.001,3965,72.17368415849415,0.793872847457852,,,,,,,,,
3970,0.001,3970,72.18303322814182,0.7935728961184283,,,,,,,,,
3975,0.001,3975,72.19240737015254,0.7933037167375193,,,,,,,,,
3980,0.001,3980,72.20062522406818,0.7930391821729478,,,,,,,,,
3985,0.001,3985,72.21076514170821,0.7927839278426942,,,,,,,,,
3990,0.001,3990,72.22033921617171,0.792528493198237,,,,,,,,,
3995,0.001,3995,72.22976659117937,0.7922493688305269,,,,,,,,,
4000,0.001,4000,72.23870482813228,0.7919875983893871,,,,,,,,,
4000,,,,,78.7,78.81416295456619,79.09229256214003,78.70000000000002,,,,,
4005,0.001,4005,72.24913772516042,0.7917049481627646,,,,,,,,,
4010,0.001,4010,72.25910462993012,0.791427743330858,,,,,,,,,
4015,0.001,4015,72.26758217511686,0.7911875947326384,,,,,,,,,
4020,0.001,4020,72.27689680861853,0.7909158702810012,,,,,,,,,
4025,0.001,4025,72.28715747687944,0.7906406894826,,,,,,,,,
4030,0.001,4030,72.29615240955886,0.7903871065185916,,,,,,,,,
4035,0.001,4035,72.30510068470261,0.7901344480715424,,,,,,,,,
4040,0.001,4040,72.31397821918978,0.7898632473727264,,,,,,,,,
4045,0.001,4045,72.32215537759033,0.7896319643233999,,,,,,,,,
4050,0.001,4050,72.33161890529543,0.7893794659331993,,,,,,,,,
4055,0.001,4055,72.34084151141839,0.7891199128842383,,,,,,,,,
4060,0.001,4060,72.34992063737265,0.788844670744365,,,,,,,,,
4065,0.001,4065,72.35849520554814,0.7886173388761495,,,,,,,,,
4070,0.001,4070,72.36674442436828,0.7883558438363181,,,,,,,,,
4075,0.001,4075,72.37724953537499,0.7880656813990119,,,,,,,,,
4080,0.001,4080,72.3857592224652,0.7878324305894329,,,,,,,,,
4085,0.001,4085,72.39547148664055,0.7875604969197417,,,,,,,,,
4090,0.001,4090,72.40465675280912,0.7872966440936464,,,,,,,,,
4095,0.001,4095,72.41472888994399,0.787026338437538,,,,,,,,,
4100,0.001,4100,72.42370079583306,0.7867784397195026,,,,,,,,,
4105,0.001,4105,72.43281787729128,0.786519929842885,,,,,,,,,
4110,0.001,4110,72.441865011998,0.7862569133875724,,,,,,,,,
4115,0.001,4115,72.45098534180235,0.7860045894527783,,,,,,,,,
4120,0.001,4120,72.46021499033324,0.7857305742583228,,,,,,,,,
4125,0.001,4125,72.47126305706335,0.7854368058551442,,,,,,,,,
4130,0.001,4130,72.48048091087185,0.7851726626657112,,,,,,,,,
4135,0.001,4135,72.48906020112545,0.7849222402330466,,,,,,,,,
4140,0.001,4140,72.49702692057144,0.7846957052819394,,,,,,,,,
4145,0.001,4145,72.50433600901815,0.7844785126759721,,,,,,,,,
4150,0.001,4150,72.51358736719612,0.7842377617991114,,,,,,,,,
4155,0.001,4155,72.52189655692916,0.7839907153131873,,,,,,,,,
4160,0.001,4160,72.5295261122586,0.783765274572831,,,,,,,,,
4165,0.001,4165,72.53870588235294,0.7835031335379611,,,,,,,,,
4170,0.001,4170,72.54794224369701,0.783230169528394,,,,,,,,,
4175,0.001,4175,72.55767280716579,0.782961412332729,,,,,,,,,
4180,0.001,4180,72.56723934204851,0.7827111688812384,,,,,,,,,
4185,0.001,4185,72.57579944174894,0.7824622587348683,,,,,,,,,
4190,0.001,4190,72.58307605950043,0.7822401441366974,,,,,,,,,
4195,0.001,4195,72.59241436020109,0.7820005628860892,,,,,,,,,
4200,0.001,4200,72.600470386202,0.7817706182315236,,,,,,,,,
4205,0.001,4205,72.61002199973899,0.7815071506392517,,,,,,,,,
4210,0.001,4210,72.6183404405877,0.7812503424223132,,,,,,,,,
4215,0.001,4215,72.62679771142872,0.781009675415668,,,,,,,,,
4220,0.001,4220,72.6364933453224,0.7807496522910787,,,,,,,,,
4225,0.001,4225,72.6459803899738,0.7804946808913755,,,,,,,,,
4230,0.001,4230,72.6553522578158,0.78023468978157,,,,,,,,,
4235,0.001,4235,72.66359119417685,0.7799929206247453,,,,,,,,,
4240,0.001,4240,72.67211109631897,0.77974189337835,,,,,,,,,
4245,0.001,4245,72.6819728959052,0.7794697982753825,,,,,,,,,
4250,0.001,4250,72.69176529400046,0.7792066541769925,,,,,,,,,
4255,0.001,4255,72.69966909136468,0.7789844665277998,,,,,,,,,
4260,0.001,4260,72.70764628589517,0.7787707452552979,,,,,,,,,
4265,0.001,4265,72.71597188266306,0.7785299774840178,,,,,,,,,
4270,0.001,4270,72.72526558535269,0.7782727270341311,,,,,,,,,
4275,0.001,4275,72.73387268332581,0.7779989583938443,,,,,,,,,
4280,0.001,4280,72.74220773511428,0.7777625366557981,,,,,,,,,
4285,0.001,4285,72.75050039702433,0.7775331760301334,,,,,,,,,
4290,0.001,4290,72.75861375789007,0.7772948423257241,,,,,,,,,
4295,0.001,4295,72.76709604523899,0.7770473708720645,,,,,,,,,
4300,0.001,4300,72.77603712765686,0.7767991782967434,,,,,,,,,
4305,0.001,4305,72.78593619679272,0.7765271484436473,,,,,,,,,
4310,0.001,4310,72.79397052564183,0.7762926396043007,,,,,,,,,
4315,0.001,4315,72.80323828454316,0.7760290078395764,,,,,,,,,
4320,0.001,4320,72.81200546618659,0.7757925275230297,,,,,,,,,
4325,0.001,4325,72.82163599582354,0.775516803333525,,,,,,,,,
4330,0.001,4330,72.82945624149019,0.7752862811501527,,,,,,,,,
4335,0.001,4335,72.83825305998437,0.7750521266749161,,,,,,,,,
4340,0.001,4340,72.84750372120581,0.7747708068533976,,,,,,,,,
4345,0.001,4345,72.8553797742429,0.7745346108226425,,,,,,,,,
4350,0.001,4350,72.86319260215116,0.7743135008524205,,,,,,,,,
4355,0.001,4355,72.87145997148535,0.7740786475716448,,,,,,,,,
4360,0.001,4360,72.87988812250065,0.7738463276501643,,,,,,,,,
4365,0.001,4365,72.88805629694555,0.773622612370112,,,,,,,,,
4370,0.001,4370,72.89575118137358,0.7733780980996736,,,,,,,,,
4375,0.001,4375,72.90345081553001,0.7731416888850076,,,,,,,,,
4380,0.001,4380,72.91225151338328,0.7728886960984365,,,,,,,,,
4385,0.001,4385,72.9207862376234,0.77264718740261,,,,,,,,,
4390,0.001,4390,72.92867641018498,0.7724421232735106,,,,,,,,,
4395,0.001,4395,72.93632559284484,0.7722102045199163,,,,,,,,,
4400,0.001,4400,72.94527138026021,0.7719445355913855,,,,,,,,,
4405,0.001,4405,72.95315119544674,0.7717302554717265,,,,,,,,,
4410,0.001,4410,72.96104444444444,0.7715085258154102,,,,,,,,,
4415,0.001,4415,72.96884433710977,0.7712987111621913,,,,,,,,,
4420,0.001,4420,72.97797899890028,0.7710376742064143,,,,,,,,,
4425,0.001,4425,72.98727011799724,0.7707966675462022,,,,,,,,,
4430,0.001,4430,72.99567745018228,0.7705474226119556,,,,,,,,,
4435,0.001,4435,73.00446349655294,0.7703132349850763,,,,,,,,,
4440,0.001,4440,73.01289861214111,0.7700694903328612,,,,,,,,,
4445,0.001,4445,73.02162333768386,0.7698263261395981,,,,,,,,,
4450,0.001,4450,73.02957964835629,0.7695969807833768,,,,,,,,,
4455,0.001,4455,73.03802396790202,0.7693664348352905,,,,,,,,,
4460,0.001,4460,73.04727463533482,0.7690853088626413,,,,,,,,,
4465,0.001,4465,73.05585600455122,0.7688395348201273,,,,,,,,,
4470,0.001,4470,73.06380424373594,0.7686131099659858,,,,,,,,,
4475,0.001,4475,73.07293911331153,0.7683716392317298,,,,,,,,,
4480,0.001,4480,73.08194414792156,0.7681540385753448,,,,,,,,,
4485,0.001,4485,73.08985837595573,0.7679414157949829,,,,,,,,,
4490,0.001,4490,73.09897715804287,0.7676791775399168,,,,,,,,,
4495,0.001,4495,73.10753054810432,0.7674443243806964,,,,,,,,,
4500,0.001,4500,73.11534622071854,0.7672327387001779,,,,,,,,,
4500,,,,,79.5,79.44376881186075,79.7523388341353,79.5,,,,,
4505,0.001,4505,73.12381882158854,0.7669970632459426,,,,,,,,,
4510,0.001,4510,73.1297022543007,0.7667788847917464,,,,,,,,,
4515,0.001,4515,73.13822721463598,0.7665213006873464,,,,,,,,,
4520,0.001,4520,73.14677661065397,0.7662902702206531,,,,,,,,,
4525,0.001,4525,73.15472230307566,0.7660564891343618,,,,,,,,,
4530,0.001,4530,73.16210956429036,0.76584195728202,,,,,,,,,
4535,0.001,4535,73.17008553805303,0.765602289164868,,,,,,,,,
4540,0.001,4540,73.1779359553511,0.7653707292964805,,,,,,,,,
4545,0.001,4545,73.18591997046931,0.765139514089811,,,,,,,,,
4550,0.001,4550,73.19285256454437,0.7649101297475479,,,,,,,,,
4555,0.001,4555,73.2002001666047,0.7646783301322573,,,,,,,,,
4560,0.001,4560,73.20834493856961,0.7644555756593483,,,,,,,,,
4565,0.001,4565,73.21645393749334,0.7642049902305414,,,,,,,,,
4570,0.001,4570,73.22396614251845,0.7640051471652296,,,,,,,,,
4575,0.001,4575,73.23263999561308,0.7637658937837257,,,,,,,,,
4580,0.001,4580,73.24116646182604,0.763532580539389,,,,,,,,,
4585,0.001,4585,73.249674266544,0.763305517078876,,,,,,,,,
4590,0.001,4590,73.25720271096581,0.763082442012228,,,,,,,,,
4595,0.001,4595,73.26561044438454,0.7628312367414883,,,,,,,,,
4600,0.001,4600,73.27291335039898,0.7626224929029527,,,,,,,,,
4605,0.001,4605,73.28060467080017,0.7624111082538332,,,,,,,,,
4610,0.001,4610,73.28866162595321,0.7621683575132147,,,,,,,,,
4615,0.001,4615,73.29723249050373,0.7619156377868301,,,,,,,,,
4620,0.001,4620,73.30478777923338,0.7617082619886377,,,,,,,,,
4625,0.001,4625,73.31287758589126,0.7614802822873399,,,,,,,,,
4630,0.001,4630,73.32120384982694,0.7612461146023567,,,,,,,,,
4635,0.001,4635,73.32837036460694,0.7610286483679775,,,,,,,,,
4640,0.001,4640,73.33655626744525,0.7608109843692389,,,,,,,,,
4645,0.001,4645,73.34451351241873,0.7605790627079708,,,,,,,,,
4650,0.001,4650,73.3520320940364,0.7603736480653926,,,,,,,,,
4655,0.001,4655,73.35823157894737,0.7601816823543974,,,,,,,,,
4660,0.001,4660,73.36603492656337,0.7599516228864633,,,,,,,,,
4665,0.001,4665,73.37552308286978,0.7597058696442733,,,,,,,,,
4670,0.001,4670,73.3834379774036,0.7594815891802439,,,,,,,,,
4675,0.001,4675,73.39123107108719,0.7592704615299715,,,,,,,,,
4680,0.001,4680,73.39892369545188,0.7590343240298267,,,,,,,,,
4685,0.001,4685,73.40657892535016,0.7588104796447774,,,,,,,,,
4690,0.001,4690,73.4155968440232,0.7585747836431714,,,,,,,,,
4695,0.001,4695,73.42338487484763,0.7583651251368884,,,,,,,,,
4700,0.001,4700,73.43109372654334,0.7581518332311448,,,,,,,,,
4705,0.001,4705,73.43691679108457,0.7579490754923582,,,,,,,,,
4710,0.001,4710,73.44496960557153,0.7577109582168534,,,,,,,,,
4715,0.001,4715,73.45244409785037,0.7575072662891031,,,,,,,,,
4720,0.001,4720,73.46019337328585,0.757275890678925,,,,,,,,,
4725,0.001,4725,73.46792619066582,0.7570473244139757,,,,,,,,,
4730,0.001,4730,73.47479314734274,0.7568624925096745,,,,,,,,,
4735,0.001,4735,73.48210087289392,0.7566509261868949,,,,,,,,,
4740,0.001,4740,73.48939312744787,0.7564249521003493,,,,,,,,,
4745,0.001,4745,73.49687648699376,0.7562120464817867,,,,,,,,,
4750,0.001,4750,73.50415835930073,0.7560119335839622,,,,,,,,,
4755,0.001,4755,73.51161818679452,0.7558030444803548,,,,,,,,,
4760,0.001,4760,73.51969295688352,0.7555628829706116,,,,,,,,,
4765,0.001,4765,73.52727769313542,0.7553503462487728,,,,,,,,,
4770,0.001,4770,73.53447666602018,0.7551454474778545,,,,,,,,,
4775,0.001,4775,73.54219411361002,0.7549271267683718,,,,,,,,,
4780,0.001,4780,73.54958783413645,0.7547142614567629,,,,,,,,,
4785,0.001,4785,73.55702748932573,0.7544993978745013,,,,,,,,,
4790,0.001,4790,73.56439018242644,0.7542966572190625,,,,,,,,,
4795,0.001,4795,73.57208490155749,0.7540693280159868,,,,,,,,,
4800,0.001,4800,73.57986561396517,0.7538489141501487,,,,,,,,,
4805,0.001,4805,73.58733463428642,0.753619992633764,,,,,,,,,
4810,0.001,4810,73.59439076547943,0.7534192297414039,,,,,,,,,
4815,0.001,4815,73.60304006747383,0.7531892371078642,,,,,,,,,
4820,0.001,4820,73.61053278768519,0.7529714712463473,,,,,,,,,
4825,0.001,4825,73.6183958248029,0.7527521589877074,,,,,,,,,
4830,0.001,4830,73.62524834275845,0.7525557978553061,,,,,,,,,
4835,0.001,4835,73.6328365687082,0.7523375582053965,,,,,,,,,
4840,0.001,4840,73.6408342566136,0.7521172424855311,,,,,,,,,
4845,0.001,4845,73.64873447421053,0.75189246186531,,,,,,,,,
4850,0.001,4850,73.65595156503579,0.7516734610513314,,,,,,,,,
4855,0.001,4855,73.66336865494733,0.7514763740874466,,,,,,,,,
4860,0.001,4860,73.67087862275005,0.7512807673632853,,,,,,,,,
4865,0.001,4865,73.67911841583648,0.7510443118223796,,,,,,,,,
4870,0.001,4870,73.68691864864081,0.7508250475052201,,,,,,,,,
4875,0.001,4875,73.69343638533213,0.7506319805169717,,,,,,,,,
4880,0.001,4880,73.70080422580013,0.7504120452237911,,,,,,,,,
4885,0.001,4885,73.70859827123007,0.7501988691219654,,,,,,,,,
4890,0.001,4890,73.71633624158707,0.7499793230999711,,,,,,,,,
4895,0.001,4895,73.72379809155292,0.7497589095376729,,,,,,,,,
4900,0.001,4900,73.73108,0.749549124970728,,,,,,,,,
4905,0.001,4905,73.73909117064126,0.7493235184147453,,,,,,,,,
4910,0.001,4910,73.74620776649422,0.7491098719373983,,,,,,,,,
4915,0.001,4915,73.75267179225419,0.7489208569058566,,,,,,,,,
4920,0.001,4920,73.76069618841227,0.748681057953253,,,,,,,,,
4925,0.001,4925,73.76910219675263,0.7484520429342532,,,,,,,,,
4930,0.001,4930,73.77761036193627,0.7482142830838054,,,,,,,,,
4935,0.001,4935,73.78512820105485,0.7479931042005951,,,,,,,,,
4940,0.001,4940,73.79217450644322,0.7477899587588754,,,,,,,,,
4945,0.001,4945,73.79890925233052,0.747612120179484,,,,,,,,,
4950,0.001,4950,73.80519276883261,0.7474250213184742,,,,,,,,,
4955,0.001,4955,73.81354249404289,0.7471922921605115,,,,,,,,,
4960,0.001,4960,73.8206108197478,0.7469872603733694,,,,,,,,,
4965,0.001,4965,73.82748721770794,0.7467955869610337,,,,,,,,,
4970,0.001,4970,73.83533563219116,0.7465746438359351,,,,,,,,,
4975,0.001,4975,73.84182874288109,0.7463725630961471,,,,,,,,,
4980,0.001,4980,73.84948946660832,0.7461766599052881,,,,,,,,,
4985,0.001,4985,73.85648603933582,0.7459937050206252,,,,,,,,,
4990,0.001,4990,73.8635667354807,0.7457895995022539,,,,,,,,,
4995,0.001,4995,73.87100596731007,0.7455961551155533,,,,,,,,,
5000,0.001,5000,73.87750958046651,0.7453896455585957,,,,,,,,,
5000,,,,,79.78,79.64692022698124,79.75682753837876,79.78,,,,,
5005,0.001,5005,73.88450898815155,0.7452006846696109,,,,,,,,,
5010,0.001,5010,73.89096623664395,0.7450176515086683,,,,,,,,,
5015,0.001,5015,73.89805542180729,0.7448152880072,,,,,,,,,
5020,0.001,5020,73.90450574403889,0.74462243815461,,,,,,,,,
5025,0.001,5025,73.91205480563409,0.7444093671189018,,,,,,,,,
5030,0.001,5030,73.9196667373238,0.7441912100104167,,,,,,,,,
5035,0.001,5035,73.92679638014687,0.743989288007846,,,,,,,,,
5040,0.001,5040,73.93486457730573,0.7437637000448174,,,,,,,,,
5045,0.001,5045,73.94206204663132,0.7435509571944049,,,,,,,,,
5050,0.001,5050,73.94922873190983,0.7433502221815657,,,,,,,,,
5055,0.001,5055,73.95595200799039,0.7431521459573808,,,,,,,,,
5060,0.001,5060,73.9635915861757,0.7429407486979198,,,,,,,,,
5065,0.001,5065,73.96995839357082,0.7427491430645516,,,,,,,,,
5070,0.001,5070,73.97793624187018,0.7425158555514714,,,,,,,,,
5075,0.001,5075,73.98545418593801,0.7422952898441277,,,,,,,,,
5080,0.001,5080,73.99293798825262,0.7420960843387082,,,,,,,,,
5085,0.001,5085,74.000638284095,0.7418849422575333,,,,,,,,,
5090,0.001,5090,74.00755328423082,0.7416790331335105,,,,,,,,,
5095,0.001,5095,74.01501244818385,0.7414866349706472,,,,,,,,,
5100,0.001,5100,74.02242387534741,0.7412754020211744,,,,,,,,,
5105,0.001,5105,74.02916292969998,0.7410784324691297,,,,,,,,,
5110,0.001,5110,74.0369051783391,0.7408724507182078,,,,,,,,,
5115,0.001,5115,74.04350185153395,0.7406823463628719,,,,,,,,,
5120,0.001,5120,74.04991333268,0.7405037439020816,,,,,,,,,
5125,0.001,5125,74.05736394620261,0.7403082800144103,,,,,,,,,
5130,0.001,5130,74.06478088246081,0.7401055383635775,,,,,,,,,
5135,0.001,5135,74.07241233480714,0.7399103702797746,,,,,,,,,
5140,0.001,5140,74.07932346194207,0.7397155338920044,,,,,,,,,
5145,0.001,5145,74.08569523809524,0.7395494791231072,,,,,,,,,
5150,0.001,5150,74.09277047907564,0.7393483502309299,,,,,,,,,
5155,0.001,5155,74.10055434733016,0.7391484953383586,,,,,,,,,
5160,0.001,5160,74.1080761809259,0.7389351253477178,,,,,,,,,
5165,0.001,5165,74.11486240342435,0.7387450594696625,,,,,,,,,
5170,0.001,5170,74.12144590188794,0.7385644792069319,,,,,,,,,
5175,0.001,5175,74.12818706540017,0.7383646863382219,,,,,,,,,
5180,0.001,5180,74.13529353896448,0.7381610861098444,,,,,,,,,
5185,0.001,5185,74.14187595445817,0.7379649273914679,,,,,,,,,
5190,0.001,5190,74.14880439872509,0.7377633395796797,,,,,,,,,
5195,0.001,5195,74.15452184332688,0.7375917693418993,,,,,,,,,
5200,0.001,5200,74.16227301784497,0.7373859475553036,,,,,,,,,
5205,0.001,5205,74.16914316441435,0.7371838782866567,,,,,,,,,
5210,0.001,5210,74.17662080090528,0.7369705806194935,,,,,,,,,
5215,0.001,5215,74.1838397565801,0.7367704756993689,,,,,,,,,
5220,0.001,5220,74.19151417483194,0.7365549722622181,,,,,,,,,
5225,0.001,5225,74.19904256468428,0.7363540241706885,,,,,,,,,
5230,0.001,5230,74.20593816893216,0.736158655843133,,,,,,,,,
5235,0.001,5235,74.21338214416217,0.735957282605121,,,,,,,,,
5240,0.001,5240,74.219689761037,0.7357826607941671,,,,,,,,,
5245,0.001,5245,74.22618407009803,0.7355960182625413,,,,,,,,,
5250,0.001,5250,74.23394226203098,0.7353792504980451,,,,,,,,,
5255,0.001,5255,74.24172293617949,0.735163855178372,,,,,,,,,
5260,0.001,5260,74.24986138560736,0.7349371448839118,,,,,,,,,
5265,0.001,5265,74.25722118153689,0.7347340575593603,,,,,,,,,
5270,0.001,5270,74.26412067134181,0.7345371821630159,,,,,,,,,
5275,0.001,5275,74.27028250149365,0.7343566681027978,,,,,,,,,
5280,0.001,5280,74.27676670339102,0.734174618796643,,,,,,,,,
5285,0.001,5285,74.28336839107229,0.7339826887411787,,,,,,,,,
5290,0.001,5290,74.29014280506131,0.7337833397780564,,,,,,,,,
5295,0.001,5295,74.29727014557645,0.7335806743337705,,,,,,,,,
5300,0.001,5300,74.30516520123545,0.7333438713876707,,,,,,,,,
5305,0.001,5305,74.31230640317794,0.7331370559365653,,,,,,,,,
5310,0.001,5310,74.3189173546886,0.7329441719135996,,,,,,,,,
5315,0.001,5315,74.32608740544941,0.7327405677297041,,,,,,,,,
5320,0.001,5320,74.33320709005812,0.7325386255475363,,,,,,,,,
5325,0.001,5325,74.3398348703815,0.7323586242579518,,,,,,,,,
5330,0.001,5330,74.3466340326889,0.7321748870510545,,,,,,,,,
5335,0.001,5335,74.3527407627288,0.731996092163969,,,,,,,,,
5340,0.001,5340,74.35883601705366,0.7318179425563706,,,,,,,,,
5345,0.001,5345,74.36528436609844,0.7316156135640265,,,,,,,,,
5350,0.001,5350,74.3729502551282,0.7314005330567048,,,,,,,,,
5355,0.001,5355,74.37926584309604,0.7312145494223754,,,,,,,,,
5360,0.001,5360,74.38588042393978,0.7310172943481759,,,,,,,,,
5365,0.001,5365,74.39304888634298,0.7308116744526724,,,,,,,,,
5370,0.001,5370,74.39996671348192,0.7306263615854182,,,,,,,,,
5375,0.001,5375,74.40763737562025,0.7304288416574167,,,,,,,,,
5380,0.001,5380,74.4146926302966,0.730232604413006,,,,,,,,,
5385,0.001,5385,74.42182572843662,0.7300281051307668,,,,,,,,,
5390,0.001,5390,74.42807272727272,0.729842064011296,,,,,,,,,
5395,0.001,5395,74.43483520795186,0.7296560963399992,,,,,,,,,
5400,0.001,5400,74.4422384505938,0.7294535998668935,,,,,,,,,
5405,0.001,5405,74.44933784920659,0.729269026899426,,,,,,,,,
5410,0.001,5410,74.45680448076979,0.7290623339564435,,,,,,,,,
5415,0.001,5415,74.46384103083828,0.7288762002385334,,,,,,,,,
5420,0.001,5420,74.47097303786849,0.7286711638813969,,,,,,,,,
5425,0.001,5425,74.47642995462297,0.7284997236234252,,,,,,,,,
5430,0.001,5430,74.48339276948398,0.7283118799795323,,,,,,,,,
5435,0.001,5435,74.49045091307734,0.7281125594194372,,,,,,,,,
5440,0.001,5440,74.49621907597589,0.7279340576161356,,,,,,,,,
5445,0.001,5445,74.50193875464711,0.7277487609231001,,,,,,,,,
5450,0.001,5450,74.5093022018016,0.727530155756058,,,,,,,,,
5455,0.001,5455,74.51566402892793,0.7273539237807805,,,,,,,,,
5460,0.001,5460,74.52251672079927,0.7271560680735242,,,,,,,,,
5465,0.001,5465,74.52924923753153,0.7269604583835776,,,,,,,,,
5470,0.001,5470,74.53632771406212,0.7267752713433567,,,,,,,,,
5475,0.001,5475,74.54264145323745,0.7265955749712034,,,,,,,,,
5480,0.001,5480,74.54908669266578,0.7264142654673026,,,,,,,,,
5485,0.001,5485,74.55473401959298,0.726245075480549,,,,,,,,,
5490,0.001,5490,74.56071422451218,0.7260548912870862,,,,,,,,,
5495,0.001,5495,74.56712550792129,0.7258741616334993,,,,,,,,,
5500,0.001,5500,74.57336473110432,0.7256848076473583,,,,,,,,,
5500,,,,,80.09,79.9167390126962,79.98744050140901,80.09,,,,,
5505,0.001,5505,74.58041146379256,0.7254881116014302,,,,,,,,,
5510,0.001,5510,74.58774771775258,0.7252981960232591,,,,,,,,,
5515,0.001,5515,74.59405776622845,0.7251098958233326,,,,,,,,,
5520,0.001,5520,74.60014330432213,0.7249448819004971,,,,,,,,,
5525,0.001,5525,74.60605815511056,0.7247573323163512,,,,,,,,,
5530,0.001,5530,74.61247618291522,0.7245762668994624,,,,,,,,,
5535,0.001,5535,74.61907732969225,0.7243888052552265,,,,,,,,,
5540,0.001,5540,74.62445197938395,0.7242227196209268,,,,,,,,,
5545,0.001,5545,74.6315960999556,0.7240300680357019,,,,,,,,,
5550,0.001,5550,74.63747361967697,0.7238568186061877,,,,,,,,,
5555,0.001,5555,74.64448722327444,0.723654855005812,,,,,,,,,
5560,0.001,5560,74.65120615797652,0.7234633787716035,,,,,,,,,
5565,0.001,5565,74.6580010255919,0.7232781638085896,,,,,,,,,
5570,0.001,5570,74.66395673874061,0.7230988296561438,,,,,,,,,
5575,0.001,5575,74.67097399291815,0.7229070696916281,,,,,,,,,
5580,0.001,5580,74.67727613754191,0.7227315069206299,,,,,,,,,
5585,0.001,5585,74.68339149403279,0.7225604433136106,,,,,,,,,
5590,0.001,5590,74.68904801041217,0.7223960005479977,,,,,,,,,
5595,0.001,5595,74.69561494958327,0.7222056478235315,,,,,,,,,
5600,0.001,5600,74.70126012891086,0.7220385556029422,,,,,,,,,
5605,0.001,5605,74.70808412548327,0.7218445029299138,,,,,,,,,
5610,0.001,5610,74.71480857272225,0.721663103872867,,,,,,,,,
5615,0.001,5615,74.72111958470397,0.7214935485210572,,,,,,,,,
5620,0.001,5620,74.72684389525314,0.7213234521952389,,,,,,,,,
5625,0.001,5625,74.73247088469279,0.7211479383680556,,,,,,,,,
5630,0.001,5630,74.73840115744737,0.7209685438214991,,,,,,,,,
5635,0.001,5635,74.74431304347826,0.7207962892652087,,,,,,,,,
5640,0.001,5640,74.74990964567203,0.7206356129694915,,,,,,,,,
5645,0.001,5645,74.75620807466356,0.7204623508759576,,,,,,,,,
5650,0.001,5650,74.76279018135901,0.720252602126746,,,,,,,,,
5655,0.001,5655,74.76922197113585,0.7200813452771656,,,,,,,,,
5660,0.001,5660,74.77557310063024,0.7199060436693603,,,,,,,,,
5665,0.001,5665,74.78066746010877,0.7197508266407731,,,,,,,,,
5670,0.001,5670,74.78744659375303,0.7195608288943242,,,,,,,,,
5675,0.001,5675,74.7942137400362,0.7193754404074295,,,,,,,,,
5680,0.001,5680,74.80076189424577,0.7191881060810156,,,,,,,,,
5685,0.001,5685,74.80603424498847,0.7190241685538514,,,,,,,,,
5690,0.001,5690,74.81271563364601,0.7188408568789544,,,,,,,,,
5695,0.001,5695,74.81983265602801,0.718645823959513,,,,,,,,,
5700,0.001,5700,74.82626662888832,0.7184652013945998,,,,,,,,,
5705,0.001,5705,74.83299848286629,0.7182734444985569,,,,,,,,,
5710,0.001,5710,74.83920362803572,0.7181073286800584,,,,,,,,,
5715,0.001,5715,74.84577512318785,0.7179191596499682,,,,,,,,,
5720,0.001,5720,74.85202670475104,0.7177350641026363,,,,,,,,,
5725,0.001,5725,74.85852409044598,0.7175634016324339,,,,,,,,,
5730,0.001,5730,74.86391553835882,0.7174122577562382,,,,,,,,,
5735,0.001,5735,74.86956703020891,0.717247273366973,,,,,,,,,
5740,0.001,5740,74.87604931256881,0.7170564244277385,,,,,,,,,
5745,0.001,5745,74.88161618808219,0.7168907355598204,,,,,,,,,
5750,0.001,5750,74.88882654828163,0.7166982208386712,,,,,,,,,
5755,0.001,5755,74.89495154386663,0.7165266040767617,,,,,,,,,
5760,0.001,5760,74.9016783584182,0.7163353596141355,,,,,,,,,
5765,0.001,5765,74.90783250333857,0.716169619730836,,,,,,,,,
5770,0.001,5770,74.91390800911974,0.7159913129833377,,,,,,,,,
5775,0.001,5775,74.92071960533568,0.7158007523094937,,,,,,,,,
5780,0.001,5780,74.9267055581025,0.7156354860863471,,,,,,,,,
5785,0.001,5785,74.93295016560869,0.715455812530056,,,,,,,,,
5790,0.001,5790,74.93894917429901,0.7152853042144643,,,,,,,,,
5795,0.001,5795,74.94421062172941,0.7151169887177382,,,,,,,,,
5800,0.001,5800,74.95012192418532,0.7149383341546717,,,,,,,,,
5805,0.001,5805,74.95708655887549,0.714755574934037,,,,,,,,,
5810,0.001,5810,74.96309460196144,0.7145844678767987,,,,,,,,,
5815,0.001,5815,74.96929450846946,0.7144139688945698,,,,,,,,,
5820,0.001,5820,74.97534902015722,0.7142334504328233,,,,,,,,,
5825,0.001,5825,74.98282310727802,0.7140333400007993,,,,,,,,,
5830,0.001,5830,74.98835128098929,0.7138859814732602,,,,,,,,,
5835,0.001,5835,74.9946423436908,0.7136958740211085,,,,,,,,,
5840,0.001,5840,75.00065444850463,0.7135251509051208,,,,,,,,,
5845,0.001,5845,75.00685742721403,0.7133434280052054,,,,,,,,,
5850,0.001,5850,75.01296600561257,0.7131575477836478,,,,,,,,,
5855,0.001,5855,75.01842808594283,0.7129857018399096,,,,,,,,,
5860,0.001,5860,75.02433234064073,0.7128198931190748,,,,,,,,,
5865,0.001,5865,75.0297085156837,0.7126576878073271,,,,,,,,,
5870,0.001,5870,75.0355930347169,0.7124755827643396,,,,,,,,,
5875,0.001,5875,75.04078360569109,0.7123242169238151,,,,,,,,,
5880,0.001,5880,75.04681666666667,0.712155429552607,,,,,,,,,
5885,0.001,5885,75.05275498241501,0.7119869209186648,,,,,,,,,
5890,0.001,5890,75.05846688318603,0.7118172739124865,,,,,,,,,
5895,0.001,5895,75.06391969890414,0.7116524820261025,,,,,,,,,
5900,0.001,5900,75.06919714042733,0.7114933842016479,,,,,,,,,
5905,0.001,5905,75.07413369622942,0.7113525959922539,,,,,,,,,
5910,0.001,5910,75.07999044890163,0.7111829999790176,,,,,,,,,
5915,0.001,5915,75.0856550206765,0.7110104877064013,,,,,,,,,
5920,0.001,5920,75.09102857823922,0.7108499781656507,,,,,,,,,
5925,0.001,5925,75.09773274584524,0.7106730740382199,,,,,,,,,
5930,0.001,5930,75.10370145615023,0.7105138322605451,,,,,,,,,
5935,0.001,5935,75.10987189208183,0.7103401904861366,,,,,,,,,
5940,0.001,5940,75.11651035163622,0.710151998934521,,,,,,,,,
5945,0.001,5945,75.12259362414248,0.7099826606859972,,,,,,,,,
5950,0.001,5950,75.1287983998693,0.7098197666136157,,,,,,,,,
5955,0.001,5955,75.13515728470283,0.7096535718911441,,,,,,,,,
5960,0.001,5960,75.14130815108298,0.7094822648737654,,,,,,,,,
5965,0.001,5965,75.14721866629516,0.7093141272151959,,,,,,,,,
5970,0.001,5970,75.15220000577808,0.7091636798539553,,,,,,,,,
5975,0.001,5975,75.15787823202622,0.7089933559086532,,,,,,,,,
5980,0.001,5980,75.16425632836713,0.7087900705809976,,,,,,,,,
5985,0.001,5985,75.17065192901194,0.7086087984747954,,,,,,,,,
5990,0.001,5990,75.17728222230366,0.7084269069421272,,,,,,,,,
5995,0.001,5995,75.18202153591848,0.7082884442468202,,,,,,,,,
6000,0.001,6000,75.188190237758,0.7081278507063786,,,,,,,,,
6000,,,,,80.69,80.5815863648693,80.6228798468191,80.69000000000001,,,,,
6005,0.001,6005,75.19418543623915,0.7079444144042109,,,,,,,,,
6010,0.001,6010,75.20018693027357,0.7077814408130138,,,,,,,,,
6015,0.001,6015,75.20666717932944,0.7076012431881572,,,,,,,,,
6020,0.001,6020,75.21245292208638,0.7074441428447878,,,,,,,,,
6025,0.001,6025,75.21809890750485,0.7072878457006082,,,,,,,,,
6030,0.001,6030,75.2232705874399,0.7071221161046827,,,,,,,,,
6035,0.001,6035,75.22967780153655,0.7069485467282226,,,,,,,,,
6040,0.001,6040,75.23540914365523,0.706785028482115,,,,,,,,,
6045,0.001,6045,75.24186049226124,0.7065977597749361,,,,,,,,,
6050,0.001,6050,75.24768561113602,0.7064293042835125,,,,,,,,,
6055,0.001,6055,75.25296698060684,0.7062652049726145,,,,,,,,,
6060,0.001,6060,75.25878942888117,0.7061035608743677,,,,,,,,,
6065,0.001,6065,75.26505466550502,0.7059268754076977,,,,,,,,,
6070,0.001,6070,75.27118038783138,0.7057601709882353,,,,,,,,,
6075,0.001,6075,75.27679592305529,0.7055978973706564,,,,,,,,,
6080,0.001,6080,75.28282927923746,0.7054346322768221,,,,,,,,,
6085,0.001,6085,75.28850663272142,0.7052673466252615,,,,,,,,,
6090,0.001,6090,75.29422290651809,0.7050970276832972,,,,,,,,,
6095,0.001,6095,75.30012271169697,0.7049297318388147,,,,,,,,,
6100,0.001,6100,75.30617346466651,0.7047500147194159,,,,,,,,,
6105,0.001,6105,75.31227848036245,0.7045800281244649,,,,,,,,,
6110,0.001,6110,75.31773191061292,0.704428062706259,,,,,,,,,
6115,0.001,6115,75.32364113990913,0.704255358498309,,,,,,,,,
6120,0.001,6120,75.32976485719263,0.7040734996349594,,,,,,,,,
6125,0.001,6125,75.334944,0.7039264456982516,,,,,,,,,
6130,0.001,6130,75.34100065226566,0.7037612613272317,,,,,,,,,
6135,0.001,6135,75.34699947605843,0.7036001578471286,,,,,,,,,
6140,0.001,6140,75.35305233857272,0.7034325917254441,,,,,,,,,
6145,0.001,6145,75.35831387708755,0.7032774580165174,,,,,,,,,
6150,0.001,6150,75.36398113327809,0.7031082336883234,,,,,,,,,
6155,0.001,6155,75.3697983670662,0.7029370442819634,,,,,,,,,
6160,0.001,6160,75.37568566810482,0.702760816805742,,,,,,,,,
6165,0.001,6165,75.38130905299032,0.7025985646566916,,,,,,,,,
6170,0.001,6170,75.38689152615596,0.702428423604857,,,,,,,,,
6175,0.001,6175,75.39193629479907,0.7022740511614302,,,,,,,,,
6180,0.001,6180,75.39762809095384,0.7021030874217599,,,,,,,,,
6185,0.001,6185,75.40337403093896,0.7019359226658543,,,,,,,,,
6190,0.001,6190,75.4085407093679,0.7017938083468038,,,,,,,,,
6195,0.001,6195,75.41384138964398,0.7016479322850656,,,,,,,,,
6200,0.001,6200,75.41925994021456,0.7014941551271946,,,,,,,,,
6205,0.001,6205,75.4254120191846,0.7013227252063013,,,,,,,,,
6210,0.001,6210,75.43112807849435,0.7011542845655371,,,,,,,,,
6215,0.001,6215,75.43763907319854,0.7009787954923518,,,,,,,,,
6220,0.001,6220,75.44338331308263,0.7008073334525252,,,,,,,,,
6225,0.001,6225,75.44903627932283,0.7006448794656011,,,,,,,,,
6230,0.001,6230,75.45427460781279,0.7005004710265186,,,,,,,,,
6235,0.001,6235,75.45994459854694,0.7003389108678103,,,,,,,,,
6240,0.001,6240,75.4651971414428,0.7001830196151366,,,,,,,,,
6245,0.001,6245,75.47084924538582,0.7000288540883671,,,,,,,,,
6250,0.001,6250,75.47644523498317,0.6998778226089477,,,,,,,,,
6255,0.001,6255,75.48231425613464,0.6997031730713604,,,,,,,,,
6260,0.001,6260,75.48820517829994,0.6995364433707901,,,,,,,,,
6265,0.001,6265,75.49375818081253,0.6993824963034959,,,,,,,,,
6270,0.001,6270,75.50002125621744,0.6992126937783316,,,,,,,,,
6275,0.001,6275,75.50563229649768,0.6990431927209831,,,,,,,,,
6280,0.001,6280,75.51165757829978,0.6988771557001172,,,,,,,,,
6285,0.001,6285,75.51695598155835,0.698718686571364,,,,,,,,,
6290,0.001,6290,75.52157598615986,0.6985772849787589,,,,,,,,,
6295,0.001,6295,75.5274496104336,0.6984062610210361,,,,,,,,,
6300,0.001,6300,75.53306499382765,0.6982560405702818,,,,,,,,,
6305,0.001,6305,75.53812743713195,0.6981017934434666,,,,,,,,,
6310,0.001,6310,75.54450192827608,0.6979154493748292,,,,,,,,,
6315,0.001,6315,75.55023004230891,0.6977542557134953,,,,,,,,,
6320,0.001,6320,75.55539084828517,0.6976091145620316,,,,,,,,,
6325,0.001,6325,75.56094610306386,0.6974469555979189,,,,,,,,,
6330,0.001,6330,75.566276154877,0.6972890684813685,,,,,,,,,
6335,0.001,6335,75.5720154397915,0.6971241000701616,,,,,,,,,
6340,0.001,6340,75.57683366267581,0.6969794335566485,,,,,,,,,
6345,0.001,6345,75.58184505054848,0.696838395430217,,,,,,,,,
6350,0.001,6350,75.58689481728773,0.6966911943644051,,,,,,,,,
6355,0.001,6355,75.5928001658027,0.6965302086457974,,,,,,,,,
6360,0.001,6360,75.59872701364081,0.696361541227912,,,,,,,,,
6365,0.001,6365,75.6047830842413,0.696199182511687,,,,,,,,,
6370,0.001,6370,75.61035384615384,0.6960415689453038,,,,,,,,,
6375,0.001,6375,75.61591484861155,0.6958920130028444,,,,,,,,,
6380,0.001,6380,75.6215899874659,0.6957284891259707,,,,,,,,,
6385,0.001,6385,75.62693389160384,0.6955728181517489,,,,,,,,,
6390,0.001,6390,75.63279083748435,0.6954057643018045,,,,,,,,,
6395,0.001,6395,75.63862326835846,0.6952389944848649,,,,,,,,,
6400,0.001,6400,75.64398718671141,0.6950926207844168,,,,,,,,,
6405,0.001,6405,75.64914379788979,0.6949419074324683,,,,,,,,,
6410,0.001,6410,75.65464396663486,0.6947946322689562,,,,,,,,,
6415,0.001,6415,75.66050216312664,0.6946288327778677,,,,,,,,,
6420,0.001,6420,75.66559060079767,0.6944947925126441,,,,,,,,,
6425,0.001,6425,75.67170580756006,0.6943218921687353,,,,,,,,,
6430,0.001,6430,75.67793339819889,0.6941448108172898,,,,,,,,,
6435,0.001,6435,75.68351165573016,0.6939855840609994,,,,,,,,,
6440,0.001,6440,75.68882252829793,0.69383291908025,,,,,,,,,
6445,0.001,6445,75.69449006055386,0.6936659143496336,,,,,,,,,
6450,0.001,6450,75.69979932370508,0.6935012667169866,,,,,,,,,
6455,0.001,6455,75.70491815224969,0.6933510665788288,,,,,,,,,
6460,0.001,6460,75.71052963720786,0.6931944604121125,,,,,,,,,
6465,0.001,6465,75.7151774475588,0.6930537321359173,,,,,,,,,
6470,0.001,6470,75.72073090047209,0.6928943571572694,,,,,,,,,
6475,0.001,6475,75.7261053449829,0.6927349987913743,,,,,,,,,
6480,0.001,6480,75.73175881026356,0.6925739743183424,,,,,,,,,
6485,0.001,6485,75.73725241061153,0.6924165455074428,,,,,,,,,
6490,0.001,6490,75.742994216106,0.6922614856245705,,,,,,,,,
6495,0.001,6495,75.74862153210309,0.6921016036087592,,,,,,,,,
6500,0.001,6500,75.75443615697097,0.6919299034338731,,,,,,,,,
6500,,,,,80.75,80.8104156516896,80.98343107147447,80.75000000000001,,,,,
6505,0.001,6505,75.76058830760627,0.6917662366182413,,,,,,,,,
6510,0.001,6510,75.76546648747073,0.6916243828936106,,,,,,,,,
6515,0.001,6515,75.77018673527346,0.6914803597164081,,,,,,,,,
6520,0.001,6520,75.7759122402403,0.6913149069286197,,,,,,,,,
6525,0.001,6525,75.78177379084292,0.6911522137479307,,,,,,,,,
6530,0.001,6530,75.78710106925806,0.6909997929520848,,,,,,,,,
6535,0.001,6535,75.79260011948836,0.6908466404872535,,,,,,,,,
6540,0.001,6540,75.79812070094007,0.6906863884413643,,,,,,,,,
6545,0.001,6545,75.80351303372886,0.6905344525714974,,,,,,,,,
6550,0.001,6550,75.8084183349811,0.6903938487786373,,,,,,,,,
6555,0.001,6555,75.81316662560369,0.6902561693906238,,,,,,,,,
6560,0.001,6560,75.81840062909768,0.6901048493276282,,,,,,,,,
6565,0.001,6565,75.82291012354996,0.689970203614471,,,,,,,,,
6570,0.001,6570,75.82768802833372,0.6898235412220977,,,,,,,,,
6575,0.001,6575,75.83310777294993,0.6896744598408615,,,,,,,,,
6580,0.001,6580,75.8385341454464,0.6895271053294281,,,,,,,,,
6585,0.001,6585,75.84444335970055,0.6893672291673126,,,,,,,,,
6590,0.001,6590,75.84979335500111,0.6892122302096965,,,,,,,,,
6595,0.001,6595,75.85497175503916,0.689065964168631,,,,,,,,,
6600,0.001,6600,75.85977107615115,0.6889212600615892,,,,,,,,,
6605,0.001,6605,75.86517142002535,0.6887744356248525,,,,,,,,,
6610,0.001,6610,75.87100833558684,0.688620732285071,,,,,,,,,
6615,0.001,6615,75.87614814814815,0.6884681178058356,,,,,,,,,
6620,0.001,6620,75.8816571726335,0.6883162691513938,,,,,,,,,
6625,0.001,6625,75.88724660662935,0.6881586291205208,,,,,,,,,
6630,0.001,6630,75.89211808388615,0.6880172791748924,,,,,,,,,
6635,0.001,6635,75.8975729933476,0.68785722835134,,,,,,,,,
6640,0.001,6640,75.90232599326997,0.6877322246062468,,,,,,,,,
6645,0.001,6645,75.9079124340778,0.6875731673699917,,,,,,,,,
6650,0.001,6650,75.91328413284133,0.6874083511856266,,,,,,,,,
6655,0.001,6655,75.91867718260747,0.6872632498941773,,,,,,,,,
6660,0.001,6660,75.92422396440301,0.6871069333395801,,,,,,,,,
6665,0.001,6665,75.93000701070898,0.6869444668292999,,,,,,,,,
6670,0.001,6670,75.93561053072048,0.686780827200931,,,,,,,,,
6675,0.001,6675,75.94127903425854,0.6866192302543126,,,,,,,,,
6680,0.001,6680,75.94620549546505,0.6864820241660415,,,,,,,,,
6685,0.001,6685,75.95146173043364,0.6863326250169379,,,,,,,,,
6690,0.001,6690,75.95692980893631,0.6861873998725717,,,,,,,,,
6695,0.001,6695,75.96161390122346,0.6860584971662597,,,,,,,,,
6700,0.001,6700,75.96718319978282,0.6859054528866241,,,,,,,,,
6705,0.001,6705,75.97160414289189,0.6857691508589353,,,,,,,,,
6710,0.001,6710,75.97613531209691,0.6856249379196749,,,,,,,,,
6715,0.001,6715,75.98173567960995,0.6854660549273885,,,,,,,,,
6720,0.001,6720,75.98720054693133,0.6853098436968312,,,,,,,,,
6725,0.001,6725,75.99259896990625,0.6851581240852526,,,,,,,,,
6730,0.001,6730,75.99781460486984,0.6850049510841738,,,,,,,,,
6735,0.001,6735,76.00337168506262,0.684847801260003,,,,,,,,,
6740,0.001,6740,76.0083243573966,0.6847045634373006,,,,,,,,,
6745,0.001,6745,76.0134294806973,0.6845576087884147,,,,,,,,,
6750,0.001,6750,76.01864316028367,0.6844097376708631,,,,,,,,,
6755,0.001,6755,76.02323978152934,0.6842817084203378,,,,,,,,,
6760,0.001,6760,76.02826447987049,0.6841422086901213,,,,,,,,,
6765,0.001,6765,76.0333225555231,0.68399367320564,,,,,,,,,
6770,0.001,6770,76.03850616774983,0.6838504389742804,,,,,,,,,
6775,0.001,6775,76.04340726991636,0.6837092010517402,,,,,,,,,
6780,0.001,6780,76.04857574664317,0.6835617333606633,,,,,,,,,
6785,0.001,6785,76.05334660590403,0.68341254557242,,,,,,,,,
6790,0.001,6790,76.05886091880234,0.6832662862469066,,,,,,,,,
6795,0.001,6795,76.06442477651478,0.6831131444028232,,,,,,,,,
6800,0.001,6800,76.06940396419496,0.6829767872962882,,,,,,,,,
6805,0.001,6805,76.07410219307745,0.6828325003889183,,,,,,,,,
6810,0.001,6810,76.07798764511124,0.6827042365214198,,,,,,,,,
6815,0.001,6815,76.08257061737427,0.6825665854786742,,,,,,,,,
6820,0.001,6820,76.08776620814758,0.6824220689379574,,,,,,,,,
6825,0.001,6825,76.09341364345431,0.6822549214948228,,,,,,,,,
6830,0.001,6830,76.0984358033109,0.6821094555221225,,,,,,,,,
6835,0.001,6835,76.1030921449562,0.6819746624490337,,,,,,,,,
6840,0.001,6840,76.10814281882764,0.6818336148664617,,,,,,,,,
6845,0.001,6845,76.11341515653383,0.6816908260607388,,,,,,,,,
6850,0.001,6850,76.11823627569694,0.6815541045987693,,,,,,,,,
6855,0.001,6855,76.12323618281255,0.6814147467251506,,,,,,,,,
6860,0.001,6860,76.1272,0.6812891220472992,,,,,,,,,
6865,0.001,6865,76.13144385820657,0.6811487324031182,,,,,,,,,
6870,0.001,6870,76.13648034874697,0.681007808420856,,,,,,,,,
6875,0.001,6875,76.14140970670073,0.680870255244862,,,,,,,,,
6880,0.001,6880,76.14668797575095,0.6807316678727782,,,,,,,,,
6885,0.001,6885,76.15197278524253,0.680582791259519,,,,,,,,,
6890,0.001,6890,76.15700810158846,0.6804429205175062,,,,,,,,,
6895,0.001,6895,76.16196502478738,0.6803082278926273,,,,,,,,,
6900,0.001,6900,76.16732661455256,0.6801516375075216,,,,,,,,,
6905,0.001,6905,76.17246752804397,0.6800111877322629,,,,,,,,,
6910,0.001,6910,76.17768709906532,0.6798530001931874,,,,,,,,,
6915,0.001,6915,76.18296905505329,0.6796977841371397,,,,,,,,,
6920,0.001,6920,76.18801676300447,0.6795546294722943,,,,,,,,,
6925,0.001,6925,76.19339679247547,0.6794137031851263,,,,,,,,,
6930,0.001,6930,76.198104391937,0.679275050987241,,,,,,,,,
6935,0.001,6935,76.20313019315425,0.679142576138064,,,,,,,,,
6940,0.001,6940,76.20771098192762,0.6790077996528802,,,,,,,,,
6945,0.001,6945,76.21260969591063,0.6788650063493425,,,,,,,,,
6950,0.001,6950,76.21713472562826,0.6787350266571526,,,,,,,,,
6955,0.001,6955,76.2219773022912,0.6786007937212628,,,,,,,,,
6960,0.001,6960,76.22698410374022,0.6784623183652587,,,,,,,,,
6965,0.001,6965,76.23238961003877,0.6783089176280329,,,,,,,,,
6970,0.001,6970,76.23698590383292,0.6781754853265357,,,,,,,,,
6975,0.001,6975,76.24153343464363,0.6780469404283818,,,,,,,,,
6980,0.001,6980,76.24656582606625,0.6778980415623987,,,,,,,,,
6985,0.001,6985,76.25140859930232,0.6777553366479826,,,,,,,,,
6990,0.001,6990,76.25564156860283,0.6776219068849206,,,,,,,,,
6995,0.001,6995,76.26033078692184,0.6774882872203489,,,,,,,,,
7000,0.001,7000,76.26539127493628,0.6773441974052361,,,,,,,,,
7000,,,,,80.69,80.73064700784008,80.89398903937865,80.69000000000001,,,,,
7005,0.001,7005,76.27015073037305,0.6772140662896472,,,,,,,,,
7010,0.001,7010,76.27500464136249,0.6770838616918055,,,,,,,,,
7015,0.001,7015,76.27924760889341,0.6769633167315107,,,,,,,,,
7020,0.001,7020,76.28402895197083,0.6768191811832946,,,,,,,,,
7025,0.001,7025,76.28890111533457,0.6766821363939509,,,,,,,,,
7030,0.001,7030,76.29326448041361,0.6765440265874605,,,,,,,,,
7035,0.001,7035,76.29774699275855,0.6764064188069626,,,,,,,,,
7040,0.001,7040,76.30262680211231,0.6762637326620858,,,,,,,,,
7045,0.001,7045,76.30748575027765,0.6761232058023882,,,,,,,,,
7050,0.001,7050,76.31187906865024,0.6759944174940704,,,,,,,,,
7055,0.001,7055,76.31707178845508,0.6758478034438181,,,,,,,,,
7060,0.001,7060,76.32169254823923,0.6757140590643073,,,,,,,,,
7065,0.001,7065,76.32706524537481,0.6755654261834387,,,,,,,,,
7070,0.001,7070,76.33255506813101,0.6754086970355588,,,,,,,,,
7075,0.001,7075,76.33763541186482,0.6752653330964672,,,,,,,,,
7080,0.001,7080,76.34230714715991,0.6751261798843826,,,,,,,,,
7085,0.001,7085,76.34740105254771,0.6749767507939752,,,,,,,,,
7090,0.001,7090,76.35204544248258,0.6748398075403044,,,,,,,,,
7095,0.001,7095,76.35602027421237,0.6747192760266579,,,,,,,,,
7100,0.001,7100,76.36058299618388,0.6745913486623428,,,,,,,,,
7105,0.001,7105,76.36540689655172,0.6744416996637421,,,,,,,,,
7110,0.001,7110,76.37009449878155,0.6743014729391841,,,,,,,,,
7115,0.001,7115,76.37529888819103,0.6741607481128132,,,,,,,,,
7120,0.001,7120,76.38005549621766,0.6740233598925759,,,,,,,,,
7125,0.001,7125,76.38503922712118,0.673885628650063,,,,,,,,,
7130,0.001,7130,76.38971356314256,0.6737545382090404,,,,,,,,,
7135,0.001,7135,76.39414783153315,0.6736358752180499,,,,,,,,,
7140,0.001,7140,76.39906997683177,0.673488068117314,,,,,,,,,
7145,0.001,7145,76.40397149346587,0.6733475180419698,,,,,,,,,
7150,0.001,7150,76.40849606912205,0.6732067927280506,,,,,,,,,
7155,0.001,7155,76.4128566075115,0.6730710685044881,,,,,,,,,
7160,0.001,7160,76.41731397574425,0.6729356997630782,,,,,,,,,
7165,0.001,7165,76.42314653116068,0.6727785908793206,,,,,,,,,
7170,0.001,7170,76.4287932399393,0.6726211319450222,,,,,,,,,
7175,0.001,7175,76.43368083934666,0.6724889804884947,,,,,,,,,
7180,0.001,7180,76.43847971453155,0.6723565079209533,,,,,,,,,
7185,0.001,7185,76.4437629027964,0.6722139084928137,,,,,,,,,
7190,0.001,7190,76.44816641006294,0.6720856857772332,,,,,,,,,
7195,0.001,7195,76.4523594712274,0.6719710918206817,,,,,,,,,
7200,0.001,7200,76.4571727853587,0.671831624114679,,,,,,,,,
7205,0.001,7205,76.46204159711688,0.6716866324917464,,,,,,,,,
7210,0.001,7210,76.46723576245643,0.67154487581425,,,,,,,,,
7215,0.001,7215,76.47145832925851,0.6714158885650806,,,,,,,,,
7220,0.001,7220,76.47606865263876,0.671277420763494,,,,,,,,,
7225,0.001,7225,76.48187975684867,0.6711253053589263,,,,,,,,,
7230,0.001,7230,76.48746592409938,0.6709630933457555,,,,,,,,,
7235,0.001,7235,76.49162211246514,0.6708330112485615,,,,,,,,,
7240,0.001,7240,76.49661175155877,0.670693618787751,,,,,,,,,
7245,0.001,7245,76.50098579630917,0.6705643369420962,,,,,,,,,
7250,0.001,7250,76.50482662641144,0.6704463166327312,,,,,,,,,
7255,0.001,7255,76.50976513533841,0.6703017106761118,,,,,,,,,
7260,0.001,7260,76.51447208711653,0.670167853972636,,,,,,,,,
7265,0.001,7265,76.51972559633265,0.6700230422384232,,,,,,,,,
7270,0.001,7270,76.52445961626393,0.6698980246195275,,,,,,,,,
7275,0.001,7275,76.52952387213021,0.669758860077645,,,,,,,,,
7280,0.001,7280,76.53464845399016,0.6696189533673472,,,,,,,,,
7285,0.001,7285,76.539443126738,0.6694847119819979,,,,,,,,,
7290,0.001,7290,76.54432529918354,0.669349682956566,,,,,,,,,
7295,0.001,7295,76.54864997893614,0.669226531519965,,,,,,,,,
7300,0.001,7300,76.55292844071379,0.6691015175107408,,,,,,,,,
7305,0.001,7305,76.55718413071149,0.6689635957494979,,,,,,,,,
7310,0.001,7310,76.56139733720005,0.668835395562339,,,,,,,,,
7315,0.001,7315,76.56553777857803,0.6687133552925438,,,,,,,,,
7320,0.001,7320,76.5699938522966,0.6685810530405553,,,,,,,,,
7325,0.001,7325,76.57448395735089,0.6684428588684915,,,,,,,,,
7330,0.001,7330,76.57908824101942,0.6683095375073396,,,,,,,,,
7335,0.001,7335,76.58359270288007,0.6681862851593392,,,,,,,,,
7340,0.001,7340,76.58817111387867,0.668055719388928,,,,,,,,,
7345,0.001,7345,76.59293005949522,0.6679220118881327,,,,,,,,,
7350,0.001,7350,76.59785333333333,0.6677771422287234,,,,,,,,,
7350,,,,,80.73,80.74696192299922,80.98864444629766,80.73,,,,,
,,,,,,,,,80.73,80.74696192299922,80.98864444629766,80.73,678.1460902690887
